PLAYER,MP,FG,FGA,FG%,3P,3PA,3P%,FT,FTA,FT%,ORB,DRB,TRB,AST,STL,BLK,TOV,PF,PTS,+/-
Kyle Lowry,12:00,0,3,.000,0,2,.000,4,5,.800,0,0,0,3,0,0,1,1,4,-2
Fred VanVleet,8:00,1,2,.500,1,2,.500,2,2,1.000,0,1,1,2,1,0,0,0,5,+2
Pascal Siakam,11:10,5,9,.556,2,2,1.000,2,3,.667,3,3,6,0,0,0,2,3,14,-4
Jrue Holiday,12:00,2,5,.400,1,3,.333,0,2,.000,1,2,3,1,0,1,0,0,5,+2
Frank Jackson,9:54,2,4,.500,1,3,.333,2,2,1.000,0,0,0,0,0,0,1,2,7,0
Kawhi Leonard,8:26,1,4,.250,0,2,.000,5,5,1.000,1,1,2,1,2,1,2,2,7,+1
Dwayne Bacon,8:55,3,5,.600,1,2,.500,1,2,.500,0,0,0,0,0,0,1,1,8,+3
Devonte' Graham,8:43,3,4,.750,3,4,.750,2,2,1.000,1,2,3,3,0,0,0,0,11,+8
Lauri Markkanen,10:11,1,2,.500,1,1,1.000,6,8,.750,1,2,3,0,0,0,0,1,9,-8
Kris Dunn,9:55,3,4,.750,0,1,.000,1,1,1.000,1,1,2,0,3,0,0,0,7,-2
Malcolm Brogdon,8:02,1,3,.333,1,2,.500,2,2,1.000,0,1,1,5,0,0,1,2,5,-9
Domantas Sabonis,7:37,3,6,.500,0,1,.000,1,1,1.000,0,1,1,0,0,0,1,3,7,-4
Luke Kennard,10:49,4,5,.800,3,4,.750,5,6,.833,0,1,1,0,0,0,0,1,16,+13
Thon Maker,2:41,0,1,.000,0,1,.000,2,2,1.000,0,0,0,0,0,1,0,0,2,-3
Nikola VuÄeviÄ‡,9:19,3,5,.600,0,1,.000,2,3,.667,0,3,3,0,0,0,0,0,8,-2
Evan Fournier,7:41,0,2,.000,0,1,.000,0,1,.000,0,0,0,1,1,0,0,1,0,-5
Jonathan Isaac,9:19,0,2,.000,0,1,.000,1,2,.500,1,5,6,0,1,0,1,0,1,-2
Collin Sexton,7:41,1,5,.200,1,4,.250,1,2,.500,1,0,1,0,0,0,2,1,4,+5
Kyrie Irving,7:34,4,8,.500,2,3,.667,3,3,1.000,1,0,1,1,0,0,0,1,13,-1
Karl-Anthony Towns,10:26,4,6,.667,3,4,.750,5,6,.833,0,3,3,0,2,1,0,2,16,+7
Justise Winslow,9:48,4,9,.444,1,1,1.000,2,2,1.000,0,4,4,2,0,0,1,1,11,+18
Jaren Jackson,7:15,0,1,.000,0,1,.000,2,4,.500,0,0,0,0,1,0,2,2,2,-10
Ja Morant,9:15,1,5,.200,0,1,.000,1,2,.500,0,1,1,1,0,0,1,0,3,-18
Josh Richardson,10:54,2,6,.333,0,1,.000,1,1,1.000,1,0,1,0,1,1,1,0,5,+6
Al Horford,8:09,1,4,.250,0,2,.000,1,2,.500,0,0,0,1,0,0,0,2,3,+7
Kemba Walker,8:44,1,4,.250,0,1,.000,0,1,.000,1,0,1,0,0,0,1,1,2,-8
Jaylen Brown,10:54,1,2,.500,1,2,.500,1,2,.500,0,1,1,0,0,0,0,0,4,-6
Luka DonÄiÄ‡,5:57,0,1,.000,0,1,.000,2,3,.667,0,1,1,1,0,0,1,1,2,-6
Kristaps PorziÅ†Ä£is,4:24,3,4,.750,0,1,.000,0,1,.000,0,0,0,0,0,0,2,0,6,-6
DÄvis BertÄns,11:23,1,5,.200,1,3,.333,1,1,1.000,0,2,2,0,1,0,1,1,4,+12
Jordan McRae,11:23,2,5,.400,1,3,.333,2,2,1.000,0,3,3,3,0,0,1,2,7,+12
LaMarcus Aldridge,12:00,2,4,.500,1,1,1.000,2,2,1.000,1,3,4,0,0,1,0,1,7,+10
Dejounte Murray,6:59,3,4,.750,1,1,1.000,1,1,1.000,0,2,2,2,1,0,0,0,8,+9
Marcus Morris,7:35,1,5,.200,1,3,.333,2,2,1.000,0,1,1,0,0,0,0,1,5,-11
Elfrid Payton,9:46,2,5,.400,1,2,.500,2,2,1.000,0,2,2,1,0,0,0,1,7,+1
Donovan Mitchell,9:20,6,11,.545,0,1,.000,2,2,1.000,5,2,7,1,1,0,0,1,14,+9
Mike Conley,6:14,0,3,.000,0,2,.000,2,2,1.000,0,0,0,1,0,0,0,1,2,+6
Bojan BogdanoviÄ‡,7:55,3,7,.429,1,3,.333,2,2,1.000,0,1,1,0,1,0,0,0,9,+7
Shai Gilgeous-Alexander,9:38,0,4,.000,0,1,.000,1,2,.500,0,1,1,1,0,0,0,1,1,-9
Chris Paul,6:49,2,4,.500,1,2,.500,2,2,1.000,1,0,1,0,0,0,0,1,7,-3
Danilo Gallinari,5:40,2,3,.667,1,1,1.000,3,3,1.000,0,2,2,0,0,0,0,1,8,+1
Devin Booker,5:00,5,5,1.000,1,1,1.000,0,1,.000,0,0,0,3,0,0,1,2,11,+14
Damian Lillard,8:45,3,7,.429,1,3,.333,6,7,.857,1,1,2,0,0,0,2,2,13,-11
Jamal Murray,11:01,2,4,.500,1,2,.500,2,2,1.000,0,1,1,4,0,0,1,0,7,+14
Nikola JokiÄ‡,10:26,6,9,.667,3,4,.750,1,2,.500,2,6,8,2,0,0,1,1,16,+18
Jerami Grant,4:36,1,1,1.000,1,1,1.000,1,2,.500,1,0,1,0,0,0,1,1,4,-3
Luke Kennard,10:23,0,3,.000,0,2,.000,2,2,1.000,1,1,2,1,0,0,1,0,2,-5
Tim Frazier,6:24,1,4,.250,1,4,.250,2,2,1.000,0,0,0,1,0,0,0,3,5,-5
Trae Young,9:36,1,3,.333,0,1,.000,6,7,.857,0,4,4,2,1,0,2,0,8,+6
Cam Reddish,2:24,0,1,.000,0,1,.000,1,2,.500,0,2,2,0,1,0,0,1,1,+1
James Harden,9:59,0,2,.000,0,2,.000,4,4,1.000,0,0,0,3,0,1,1,1,4,-11
Russell Westbrook,10:28,4,7,.571,1,3,.333,7,9,.778,2,4,6,0,0,0,0,1,16,-10
Brook Lopez,7:28,4,5,.800,1,1,1.000,2,2,1.000,0,0,0,1,0,0,0,1,11,+10
D'Angelo Russell,7:54,0,1,.000,0,1,.000,4,4,1.000,0,0,0,4,0,0,0,0,4,+2
Eric Paschall,12:00,2,5,.400,0,1,.000,1,2,.500,0,1,1,1,1,0,0,0,5,+5
Omari Spellman,4:06,2,4,.500,1,1,1.000,1,1,1.000,1,2,3,0,1,0,0,0,6,+3
JaMychal Green,7:54,2,3,.667,2,3,.667,0,1,.000,0,1,1,0,0,0,0,0,6,-2
Kemba Walker,9:18,4,9,.444,1,3,.333,2,2,1.000,2,2,4,2,0,0,0,2,11,+13
Jayson Tatum,6:30,1,1,1.000,1,1,1.000,2,2,1.000,0,0,0,2,0,0,0,0,5,+9
Pascal Siakam,9:38,3,7,.429,0,2,.000,2,2,1.000,0,1,1,1,0,0,0,0,8,-7
Devonte' Graham,4:15,1,2,.500,0,1,.000,1,2,.500,0,1,1,1,0,0,0,1,3,+2
Caleb Martin,12:00,1,6,.167,0,2,.000,0,1,.000,0,2,2,2,1,1,1,1,2,0
Cody Martin,12:00,1,3,.333,0,1,.000,2,2,1.000,0,2,2,0,2,0,0,1,4,0
Andrew Wiggins,5:55,1,2,.500,0,1,.000,1,2,.500,0,1,1,0,1,1,1,0,3,+7
Spencer Dinwiddie,10:35,2,6,.333,0,2,.000,4,4,1.000,0,1,1,0,0,0,1,0,8,-7
Zach LaVine,8:29,3,4,.750,1,1,1.000,4,6,.667,0,1,1,0,0,0,1,0,11,+13
Coby White,12:00,4,5,.800,2,2,1.000,1,2,.500,0,2,2,1,0,0,0,1,11,+10
Josh Hart,12:00,2,4,.500,1,3,.333,2,3,.667,2,4,6,0,0,0,1,2,7,-5
Kenrich Williams,10:46,0,1,.000,0,1,.000,1,2,.500,0,4,4,1,0,0,1,1,1,-9
Luka DonÄiÄ‡,8:28,3,4,.750,1,2,.500,1,1,1.000,0,1,1,0,0,0,1,0,8,+5
Kristaps PorziÅ†Ä£is,8:06,1,3,.333,1,2,.500,2,4,.500,0,1,1,1,0,1,1,3,5,-8
Dorian Finney-Smith,3:54,1,3,.333,0,2,.000,1,2,.500,0,0,0,1,0,0,0,0,3,+13
Delon Wright,8:34,0,2,.000,0,1,.000,2,2,1.000,0,2,2,1,3,0,0,1,2,+5
Rui Hachimura,8:00,1,3,.333,0,1,.000,2,2,1.000,0,2,2,0,1,0,0,1,4,+8
Bradley Beal,8:00,3,5,.600,2,2,1.000,0,1,.000,0,2,2,0,0,0,1,0,8,+8
Jerami Grant,11:59,2,5,.400,0,2,.000,1,1,1.000,1,3,4,0,0,0,0,3,5,-3
Malik Beasley,11:52,4,5,.800,2,3,.667,1,1,1.000,0,1,1,0,0,0,1,2,11,0
Devin Booker,10:51,1,4,.250,1,3,.333,3,4,.750,0,1,1,1,0,0,1,0,6,+1
Kelly Oubre,8:22,2,3,.667,1,1,1.000,5,5,1.000,0,2,2,0,1,0,2,3,10,0
Frank Kaminsky,8:37,2,5,.400,0,1,.000,2,2,1.000,1,1,2,0,0,0,0,3,6,+9
De'Aaron Fox,7:08,0,2,.000,0,1,.000,6,8,.750,0,0,0,1,0,0,1,1,6,-8
Buddy Hield,5:36,1,2,.500,1,2,.500,3,3,1.000,0,2,2,0,0,0,0,1,6,-8
Damian Lillard,5:44,4,4,1.000,3,3,1.000,2,2,1.000,0,1,1,0,1,0,1,1,13,+11
Anthony Davis,4:39,0,1,.000,0,1,.000,2,2,1.000,0,1,1,0,1,1,0,2,2,-4
LeBron James,5:54,4,7,.571,0,1,.000,3,3,1.000,0,0,0,1,0,0,0,0,11,+2
Troy Daniels,9:29,1,4,.250,0,3,.000,1,1,1.000,0,1,1,0,1,0,0,0,3,-4
Georges Niang,10:25,2,5,.400,2,5,.400,4,4,1.000,0,0,0,1,0,0,0,0,10,+7
Khris Middleton,8:40,1,4,.250,1,3,.333,1,2,.500,0,1,1,0,0,0,2,0,4,-4
Giannis Antetokounmpo,10:32,5,9,.556,0,2,.000,2,3,.667,3,3,6,1,1,0,1,3,12,-8
Brook Lopez,9:48,0,1,.000,0,1,.000,6,6,1.000,0,0,0,0,0,0,1,0,6,-1
Eric Bledsoe,6:31,0,2,.000,0,1,.000,2,2,1.000,0,2,2,0,0,0,0,2,2,0
Kyle Korver,3:22,0,1,.000,0,1,.000,1,1,1.000,0,0,0,0,0,0,1,1,1,-5
Justise Winslow,12:00,2,4,.500,0,1,.000,1,4,.250,1,3,4,2,1,0,0,1,5,+11
Goran DragiÄ‡,8:49,2,6,.333,1,4,.250,4,4,1.000,0,3,3,3,1,0,0,0,9,+4
Langston Galloway,8:28,2,2,1.000,1,1,1.000,1,3,.333,0,1,1,0,0,0,0,0,6,-10
Al Horford,8:16,5,7,.714,2,3,.667,3,5,.600,0,2,2,0,1,0,0,1,15,+3
Mike Scott,8:59,1,1,1.000,1,1,1.000,2,2,1.000,0,0,0,0,0,0,0,1,5,+3
Kyle O'Quinn,3:44,0,1,.000,0,1,.000,1,2,.500,0,2,2,0,0,2,0,2,1,+3
Trae Young,8:41,5,6,.833,2,3,.667,1,2,.500,0,0,0,2,0,0,2,0,13,+6
Evan Fournier,6:42,2,7,.286,0,3,.000,1,2,.500,0,2,2,0,0,0,1,2,5,-9
D.J. Augustin,7:38,3,5,.600,0,1,.000,4,4,1.000,1,0,1,1,0,0,1,0,10,+2
Terrence Ross,9:37,0,2,.000,0,1,.000,3,3,1.000,0,0,0,0,0,0,0,0,3,+3
RJ Barrett,8:20,1,2,.500,1,1,1.000,1,2,.500,0,1,1,1,0,0,1,0,4,-14
Kevin Knox,9:03,0,3,.000,0,1,.000,3,4,.750,0,2,2,0,0,0,1,1,3,-16
Jayson Tatum,8:22,2,3,.667,1,1,1.000,1,1,1.000,1,0,1,0,1,1,0,0,6,+19
Jaylen Brown,8:22,1,5,.200,0,1,.000,3,3,1.000,1,1,2,1,0,0,0,0,5,+19
Lauri Markkanen,5:04,0,3,.000,0,1,.000,2,2,1.000,1,1,2,0,0,0,0,0,2,0
Wendell Carter,4:26,1,2,.500,0,1,.000,0,2,.000,1,0,1,0,0,0,0,1,2,-2
Otto Porter,5:04,1,3,.333,0,2,.000,3,3,1.000,0,1,1,0,0,0,0,1,5,0
Pascal Siakam,7:26,1,4,.250,1,3,.333,2,2,1.000,1,2,3,0,0,0,0,1,5,0
Chris Boucher,4:34,0,1,.000,0,1,.000,2,2,1.000,1,1,2,0,0,2,1,1,2,+2
Collin Sexton,9:07,2,3,.667,0,1,.000,3,4,.750,0,0,0,0,0,0,2,0,7,0
Myles Turner,8:47,0,1,.000,0,1,.000,3,4,.750,0,1,1,0,0,0,1,1,3,0
P.J. Tucker,12:00,2,2,1.000,1,1,1.000,2,2,1.000,1,2,3,1,0,0,0,1,7,+6
James Harden,9:00,2,8,.250,0,3,.000,5,5,1.000,0,1,1,0,0,0,1,0,9,+1
Russell Westbrook,9:41,3,6,.500,1,1,1.000,3,3,1.000,0,3,3,2,1,0,1,1,10,+3
Eric Gordon,12:00,1,4,.250,0,3,.000,1,1,1.000,0,0,0,0,0,0,0,0,3,+6
Brandon Ingram,10:35,2,5,.400,0,1,.000,1,2,.500,0,6,6,2,0,0,1,1,5,-5
J.J. Redick,9:27,0,5,.000,0,4,.000,2,2,1.000,1,1,2,0,0,0,1,2,2,-1
Frank Jackson,4:17,1,2,.500,0,1,.000,2,2,1.000,0,0,0,1,0,0,0,0,4,-5
Bradley Beal,10:04,1,8,.125,1,2,.500,2,2,1.000,1,0,1,2,0,0,0,0,5,-2
DÄvis BertÄns,12:00,5,5,1.000,3,3,1.000,2,3,.667,0,0,0,0,0,1,0,0,15,0
Dewayne Dedmon,5:22,0,1,.000,0,1,.000,2,2,1.000,1,2,3,0,0,0,0,0,2,+5
Wenyen Gabriel,12:00,2,6,.333,0,2,.000,1,1,1.000,1,2,3,2,0,0,0,1,5,+3
Yogi Ferrell,12:00,2,7,.286,0,2,.000,3,4,.750,0,1,1,1,0,0,1,0,7,+3
Justin James,7:25,2,6,.333,0,2,.000,1,2,.500,0,1,1,0,0,1,0,0,5,+3
Devin Booker,10:15,4,6,.667,2,2,1.000,6,7,.857,0,3,3,1,0,0,2,1,16,+5
Aron Baynes,8:43,1,4,.250,1,2,.500,3,4,.750,1,3,4,1,0,2,0,0,6,+1
Kawhi Leonard,9:06,5,9,.556,2,4,.500,1,1,1.000,0,2,2,4,2,1,0,2,13,-2
Lou Williams,9:30,3,7,.429,2,4,.500,2,2,1.000,0,0,0,1,0,0,1,2,10,-3
Damion Lee,12:00,1,3,.333,0,1,.000,3,3,1.000,0,3,3,0,1,0,0,1,5,+9
Ky Bowman,12:00,2,8,.250,0,1,.000,1,1,1.000,0,0,0,0,0,0,0,0,5,+9
Ja Morant,8:44,7,10,.700,1,1,1.000,2,2,1.000,1,1,2,0,1,1,1,0,17,+9
Kyrie Irving,6:39,2,7,.286,1,3,.333,2,2,1.000,0,0,0,0,1,0,1,0,7,-1
Spencer Dinwiddie,11:24,0,1,.000,0,1,.000,1,2,.500,0,1,1,4,1,1,1,0,1,-7
Luka DonÄiÄ‡,9:00,1,5,.200,0,4,.000,1,3,.333,0,3,3,1,0,0,1,2,3,+3
Kristaps PorziÅ†Ä£is,8:32,2,5,.400,0,3,.000,6,7,.857,1,2,3,1,0,0,0,2,10,-2
Seth Curry,12:00,3,5,.600,1,3,.333,2,2,1.000,0,0,0,0,1,0,0,0,9,-2
Tim Hardaway,3:05,0,1,.000,0,1,.000,1,2,.500,0,0,0,0,0,0,1,1,1,-5
Damian Lillard,9:42,3,6,.500,0,2,.000,1,2,.500,0,0,0,2,0,1,1,1,7,+1
Kent Bazemore,12:00,1,2,.500,1,1,1.000,1,2,.500,0,2,2,0,0,0,2,2,4,+2
Andrew Wiggins,12:00,5,7,.714,4,5,.800,2,2,1.000,0,2,2,0,0,0,0,1,16,+14
Karl-Anthony Towns,7:14,0,2,.000,0,2,.000,1,2,.500,0,4,4,0,0,0,1,0,1,+11
Jeff Teague,9:45,3,3,1.000,1,1,1.000,5,5,1.000,0,0,0,1,0,0,0,0,12,+17
Robert Covington,6:41,0,1,.000,0,1,.000,2,2,1.000,0,3,3,2,1,0,0,0,2,+11
Justise Winslow,12:00,4,6,.667,1,1,1.000,2,2,1.000,0,1,1,1,0,1,1,4,11,-14
LeBron James,9:40,5,7,.714,1,1,1.000,3,3,1.000,0,1,1,2,1,0,0,0,14,+10
Kevin Knox,7:41,2,3,.667,2,3,.667,2,2,1.000,1,1,2,0,0,0,1,0,8,+6
Luke Kennard,7:50,3,4,.750,2,2,1.000,1,1,1.000,0,2,2,0,0,0,0,0,9,-3
Fred VanVleet,12:00,1,5,.200,0,2,.000,3,3,1.000,0,1,1,0,1,0,0,0,5,-2
Kyle Lowry,8:25,1,3,.333,1,2,.500,7,7,1.000,0,0,0,1,0,0,1,0,10,+2
Pascal Siakam,7:47,2,3,.667,0,1,.000,3,3,1.000,0,4,4,0,0,0,1,3,7,0
Jonathan Isaac,9:18,2,3,.667,1,2,.500,3,3,1.000,0,2,2,0,1,1,0,3,8,-1
De'Andre Hunter,9:12,1,3,.333,1,2,.500,3,4,.750,0,2,2,0,1,0,1,1,6,+7
Alex Len,7:54,1,4,.250,0,2,.000,1,2,.500,1,1,2,0,0,0,0,0,3,-2
Tobias Harris,12:00,3,7,.429,0,2,.000,2,3,.667,0,0,0,1,0,0,1,1,8,+3
Joel Embiid,9:15,3,6,.500,1,3,.333,4,4,1.000,0,4,4,1,0,0,1,3,11,+7
Al Horford,12:00,0,1,.000,0,1,.000,2,2,1.000,2,3,5,0,1,0,0,1,2,+3
Danuel House,10:14,0,2,.000,0,2,.000,2,2,1.000,0,0,0,0,0,0,0,0,2,-2
James Harden,8:50,1,5,.200,0,3,.000,11,11,1.000,0,1,1,0,0,0,1,2,13,-5
Danilo Gallinari,10:35,1,4,.250,1,3,.333,2,2,1.000,1,2,3,1,0,0,0,0,5,+9
Brook Lopez,7:34,2,2,1.000,1,1,1.000,1,1,1.000,0,2,2,0,1,0,0,1,6,+4
Eric Bledsoe,6:46,3,6,.500,0,2,.000,2,2,1.000,1,1,2,1,0,0,0,1,8,-2
Jordan Clarkson,8:37,3,5,.600,2,2,1.000,1,1,1.000,0,0,0,2,0,0,1,0,9,-10
Matthew Dellavedova,5:47,1,3,.333,0,2,.000,1,1,1.000,0,2,2,1,0,0,0,2,3,+4
Brandon Ingram,5:10,2,3,.667,0,1,.000,2,3,.667,0,0,0,1,0,0,1,1,6,-2
Damion Lee,9:54,2,5,.400,1,1,1.000,2,2,1.000,1,2,3,1,0,0,0,1,7,-14
Marco Belinelli,8:50,3,4,.750,1,2,.500,0,1,.000,0,0,0,1,0,0,1,2,7,-2
Damian Lillard,9:10,6,12,.500,2,6,.333,4,5,.800,0,5,5,1,0,0,0,0,18,+10
Bojan BogdanoviÄ‡,11:27,3,4,.750,1,2,.500,3,3,1.000,0,1,1,1,0,0,1,0,10,+3
Donovan Mitchell,9:22,2,6,.333,0,1,.000,1,2,.500,0,0,0,3,1,0,2,0,5,+8
De'Aaron Fox,9:19,2,6,.333,0,3,.000,1,2,.500,0,1,1,4,0,0,0,1,5,+4
Jamal Murray,7:31,2,4,.500,0,1,.000,2,2,1.000,1,1,2,1,1,0,1,0,6,0
Gary Harris,6:52,1,2,.500,1,1,1.000,2,2,1.000,0,1,1,0,0,0,0,1,5,-1
Will Barton,6:04,1,2,.500,0,1,.000,1,2,.500,1,1,2,0,0,0,0,0,3,0
Jerami Grant,7:25,0,2,.000,0,2,.000,2,2,1.000,0,0,0,2,0,0,1,1,2,+4
PJ Washington,12:00,0,1,.000,0,1,.000,1,2,.500,1,3,4,0,0,0,1,0,1,-3
Cody Zeller,7:24,0,2,.000,0,1,.000,2,2,1.000,0,3,3,0,0,0,0,0,2,+1
Devonte' Graham,8:50,1,3,.333,0,2,.000,2,2,1.000,0,0,0,3,0,0,1,1,4,+4
Jimmy Butler,3:45,0,1,.000,0,1,.000,2,4,.500,0,0,0,0,0,0,1,0,2,+2
Goran DragiÄ‡,12:00,1,1,1.000,1,1,1.000,2,4,.500,0,2,2,1,0,0,1,3,5,-3
Tyler Herro,12:00,1,1,1.000,1,1,1.000,5,6,.833,0,5,5,1,0,0,1,0,8,-3
John Collins,8:11,2,4,.500,0,1,.000,3,4,.750,1,0,1,2,0,0,1,0,7,+5
Luka DonÄiÄ‡,6:32,1,2,.500,0,1,.000,1,4,.250,0,0,0,1,1,0,1,0,3,-6
Jalen Brunson,5:28,2,4,.500,0,1,.000,1,4,.250,0,2,2,2,0,0,0,0,5,+14
LeBron James,5:36,2,4,.500,2,3,.667,2,2,1.000,0,2,2,1,0,1,3,0,8,-3
Grayson Allen,6:24,0,3,.000,0,1,.000,4,4,1.000,1,1,2,0,0,0,1,0,4,-11
Solomon Hill,6:02,2,3,.667,2,2,1.000,2,2,1.000,2,2,4,0,1,1,0,1,8,+3
Collin Sexton,12:00,4,5,.800,0,1,.000,2,3,.667,1,1,2,0,0,0,2,0,10,+8
Lauri Markkanen,4:48,1,2,.500,0,1,.000,1,2,.500,0,0,0,0,0,0,0,0,3,-4
Julius Randle,12:00,2,5,.400,0,1,.000,1,2,.500,1,2,3,0,0,1,1,0,5,-7
Kevin Knox,9:38,1,2,.500,1,2,.500,2,2,1.000,0,0,0,0,0,1,0,1,5,-4
Al Horford,9:44,1,3,.333,1,2,.500,1,2,.500,2,4,6,1,0,0,0,1,4,+9
Josh Richardson,7:00,1,3,.333,1,2,.500,2,4,.500,1,2,3,1,1,0,2,2,5,+10
Andrew Wiggins,7:04,2,5,.400,1,3,.333,2,2,1.000,1,1,2,0,0,0,1,0,7,-6
Jarrett Culver,5:33,0,3,.000,0,2,.000,1,2,.500,0,0,0,0,0,0,0,0,1,-5
Kemba Walker,8:22,3,6,.500,2,4,.500,5,5,1.000,0,1,1,0,0,0,0,1,13,+4
Giannis Antetokounmpo,10:22,4,5,.800,0,1,.000,1,2,.500,0,4,4,2,1,1,0,1,9,-1
Khris Middleton,12:00,4,6,.667,2,3,.667,3,3,1.000,0,3,3,2,0,0,1,0,13,-7
Brook Lopez,6:21,0,2,.000,0,1,.000,2,2,1.000,0,1,1,0,0,1,2,2,2,-6
Joe Harris,7:24,2,2,1.000,1,1,1.000,0,1,.000,0,0,0,0,0,0,0,0,5,-2
Spencer Dinwiddie,9:25,2,8,.250,1,3,.333,2,2,1.000,0,1,1,2,1,0,1,1,7,-4
Domantas Sabonis,10:20,4,6,.667,0,1,.000,2,2,1.000,0,0,0,1,0,0,1,1,10,+6
Malcolm Brogdon,8:56,2,5,.400,1,1,1.000,2,2,1.000,1,2,3,2,0,0,2,0,7,+1
Kyle Lowry,10:45,1,2,.500,1,2,.500,1,1,1.000,0,2,2,5,0,0,0,1,4,+2
Norman Powell,12:00,3,4,.750,1,2,.500,0,1,.000,0,0,0,0,0,0,0,1,7,-4
Langston Galloway,7:30,0,2,.000,0,1,.000,4,4,1.000,0,0,0,0,0,0,0,0,4,0
Dennis SchrÃ¶der,7:48,0,3,.000,0,2,.000,3,4,.750,0,2,2,1,0,0,2,3,3,+4
Damian Lillard,7:54,3,4,.750,3,4,.750,1,2,.500,0,1,1,5,0,0,0,1,10,+5
CJ McCollum,8:18,1,5,.200,1,3,.333,1,2,.500,0,2,2,0,0,0,0,3,4,+2
Rodney Hood,12:00,2,3,.667,2,2,1.000,1,2,.500,0,3,3,0,1,1,1,2,7,+4
Bradley Beal,10:04,3,5,.600,2,4,.500,9,10,.900,1,1,2,1,1,0,3,2,17,-7
Isaiah Thomas,8:00,2,3,.667,1,1,1.000,1,1,1.000,0,0,0,3,0,0,1,2,6,-4
James Harden,10:47,4,10,.400,2,4,.500,7,8,.875,0,0,0,2,1,0,2,1,17,+13
Russell Westbrook,10:23,6,9,.667,1,3,.333,1,2,.500,4,4,8,0,0,1,0,0,14,+2
P.J. Tucker,7:35,0,1,.000,0,1,.000,2,2,1.000,1,2,3,2,0,0,0,2,2,+9
Danuel House,5:51,0,2,.000,0,2,.000,2,2,1.000,2,2,4,0,0,0,1,1,2,-1
De'Aaron Fox,9:42,1,3,.333,0,1,.000,2,2,1.000,0,3,3,3,1,1,1,1,4,+7
Glenn Robinson,9:52,3,4,.750,1,1,1.000,4,4,1.000,0,2,2,0,1,0,0,1,11,+9
Jordan Poole,12:00,1,4,.250,1,2,.500,3,3,1.000,0,3,3,2,0,0,1,1,6,+17
Ky Bowman,12:00,2,4,.500,1,1,1.000,5,5,1.000,0,1,1,1,3,0,1,2,10,+17
Devin Booker,8:18,3,6,.500,1,2,.500,2,2,1.000,0,2,2,0,0,0,2,1,9,-2
Aron Baynes,8:18,2,4,.500,0,1,.000,3,4,.750,2,1,3,1,1,1,0,3,7,-2
Jabari Parker,8:58,3,4,.750,0,1,.000,2,2,1.000,1,3,4,1,0,0,0,1,8,+7
Brandon Ingram,10:02,2,2,1.000,1,1,1.000,4,4,1.000,0,1,1,4,0,0,1,1,9,+5
Frank Jackson,5:48,1,2,.500,1,2,.500,1,2,.500,0,0,0,0,0,0,1,1,4,+5
Jamal Murray,2:36,0,1,.000,0,1,.000,1,1,1.000,0,0,0,1,0,0,1,0,1,-7
Dejounte Murray,7:59,1,2,.500,0,1,.000,2,4,.500,0,2,2,1,2,0,0,1,4,-3
Kyrie Irving,8:52,2,8,.250,2,4,.500,3,4,.750,0,0,0,1,0,1,0,0,9,-3
Taurean Waller-Prince,7:22,1,1,1.000,1,1,1.000,1,2,.500,0,2,2,0,0,0,0,0,4,-2
Joe Harris,10:10,2,2,1.000,1,1,1.000,2,2,1.000,0,2,2,1,0,0,1,2,7,-2
Spencer Dinwiddie,4:58,0,3,.000,0,1,.000,1,2,.500,0,0,0,1,1,0,0,2,1,-5
James Harden,8:52,3,9,.333,1,4,.250,6,6,1.000,0,0,0,3,0,0,0,2,13,+3
Malcolm Brogdon,6:39,0,1,.000,0,1,.000,4,4,1.000,0,1,1,1,0,0,1,1,4,-1
Goga Bitadze,11:08,1,2,.500,1,2,.500,2,2,1.000,2,3,5,0,0,1,1,0,5,-1
Collin Sexton,12:00,4,6,.667,2,3,.667,1,2,.500,0,1,1,0,0,0,0,1,11,0
Jordan Clarkson,8:52,3,6,.500,1,4,.250,2,2,1.000,0,0,0,3,1,0,0,2,9,+2
Kevin Porter,4:37,1,1,1.000,1,1,1.000,2,2,1.000,0,1,1,0,0,0,1,0,5,-5
Jonathan Isaac,6:24,1,2,.500,1,2,.500,2,2,1.000,0,0,0,0,1,0,0,0,5,-13
Giannis Antetokounmpo,5:33,4,4,1.000,1,1,1.000,3,3,1.000,1,3,4,1,1,0,2,2,12,+11
Kemba Walker,7:19,2,5,.400,1,2,.500,7,7,1.000,0,3,3,1,1,0,1,0,12,+2
Jayson Tatum,10:00,3,4,.750,0,1,.000,2,2,1.000,0,3,3,1,0,0,0,3,8,0
Marcus Morris,10:55,4,7,.571,3,5,.600,4,5,.800,0,0,0,0,0,0,0,2,15,+2
Zach LaVine,6:56,2,5,.400,2,3,.667,4,4,1.000,0,1,1,0,0,0,2,1,10,+4
Otto Porter,9:30,0,2,.000,0,1,.000,2,2,1.000,0,1,1,0,0,0,0,0,2,-1
LeBron James,12:00,3,6,.500,0,1,.000,1,2,.500,0,5,5,4,2,0,0,1,7,+9
Kyle Kuzma,3:39,1,2,.500,0,1,.000,2,2,1.000,0,0,0,0,0,0,0,0,4,+3
Donovan Mitchell,10:53,3,7,.429,0,1,.000,1,2,.500,0,1,1,1,2,0,0,0,7,+1
Mike Conley,8:40,1,2,.500,1,2,.500,3,4,.750,1,2,3,0,0,0,0,0,6,+2
Jordan Poole,10:03,2,6,.333,1,2,.500,2,2,1.000,0,0,0,0,0,0,0,1,7,+1
Damion Lee,7:42,3,3,1.000,1,1,1.000,2,3,.667,0,1,1,0,1,0,1,0,9,-5
Patty Mills,4:53,3,6,.500,2,3,.667,2,2,1.000,1,2,3,0,1,0,1,1,10,+11
Marco Belinelli,8:51,1,2,.500,0,1,.000,3,3,1.000,0,0,0,0,1,0,0,1,5,+1
Danilo Gallinari,6:18,1,1,1.000,1,1,1.000,2,2,1.000,0,1,1,0,0,0,0,0,5,+3
Dennis SchrÃ¶der,8:53,3,8,.375,0,1,.000,2,2,1.000,0,2,2,0,1,1,0,0,8,+8
Lonzo Ball,12:00,1,4,.250,1,3,.333,0,2,.000,0,1,1,1,2,0,2,1,3,-3
Bruce Brown,12:00,2,6,.333,0,1,.000,2,2,1.000,0,0,0,3,0,0,0,4,6,-2
Andre Drummond,9:27,2,4,.500,0,1,.000,3,4,.750,0,3,3,1,0,0,0,1,7,-6
Markieff Morris,7:36,1,2,.500,0,1,.000,1,2,.500,0,1,1,0,0,0,0,0,3,-5
Kyrie Irving,8:39,5,10,.500,0,2,.000,4,4,1.000,1,3,4,2,0,0,0,0,14,+9
Taurean Waller-Prince,8:39,1,1,1.000,1,1,1.000,1,2,.500,0,0,0,0,0,0,0,1,4,+9
Gary Harris,7:51,1,2,.500,0,1,.000,2,4,.500,0,0,0,2,0,0,0,1,4,-2
Ja Morant,9:23,5,6,.833,1,1,1.000,2,2,1.000,0,1,1,3,1,0,1,1,13,+5
Dillon Brooks,12:00,2,3,.667,0,1,.000,2,2,1.000,0,0,0,0,0,0,0,1,6,+4
Kyle Anderson,6:22,1,2,.500,0,1,.000,1,2,.500,0,0,0,0,0,1,0,0,3,+3
Aron Baynes,8:46,2,2,1.000,2,2,1.000,2,2,1.000,0,0,0,2,0,0,0,1,8,+1
Giannis Antetokounmpo,10:35,4,6,.667,1,1,1.000,2,4,.500,1,4,5,0,1,2,1,1,11,+7
Khris Middleton,8:38,0,3,.000,0,2,.000,2,2,1.000,0,1,1,2,0,0,2,1,2,+4
George Hill,7:46,0,1,.000,0,1,.000,2,2,1.000,0,0,0,0,0,0,0,0,2,+6
Serge Ibaka,8:55,2,4,.500,0,1,.000,2,2,1.000,1,2,3,0,0,2,0,0,6,-2
Admiral Schofield,12:00,5,5,1.000,3,3,1.000,2,2,1.000,0,1,1,0,0,0,0,0,15,+12
Jarrett Culver,12:00,4,7,.571,3,6,.500,0,2,.000,0,1,1,1,0,0,4,2,11,-12
Eric Paschall,8:05,2,5,.400,0,2,.000,1,2,.500,0,0,0,0,0,0,0,1,5,-5
Terry Rozier,10:33,2,5,.400,0,1,.000,2,5,.400,0,2,2,3,0,0,1,0,6,+9
Marvin Williams,8:05,1,2,.500,1,2,.500,2,2,1.000,1,0,1,0,1,0,0,0,5,+5
CJ McCollum,12:00,1,3,.333,0,1,.000,2,2,1.000,0,0,0,0,0,0,1,1,4,-11
Kent Bazemore,11:46,2,4,.500,1,1,1.000,2,4,.500,0,1,1,1,2,1,1,0,7,-9
Malcolm Brogdon,7:45,2,5,.400,0,1,.000,3,3,1.000,0,1,1,0,0,0,2,1,7,+1
Otto Porter,7:13,1,3,.333,1,2,.500,1,2,.500,0,2,2,0,1,1,0,1,4,-2
Ryan Arcidiacono,6:10,1,3,.333,1,1,1.000,3,4,.750,0,1,1,0,1,0,0,2,6,0
Goran DragiÄ‡,6:48,1,4,.250,1,3,.333,2,2,1.000,0,1,1,1,1,0,0,0,5,+5
Chris Clemons,12:00,3,5,.600,2,4,.500,2,2,1.000,0,0,0,1,0,0,2,2,10,-1
Ben McLemore,7:25,3,3,1.000,3,3,1.000,1,2,.500,0,0,0,1,0,0,0,1,10,+10
Marcus Morris,7:49,4,4,1.000,2,2,1.000,1,1,1.000,0,2,2,0,0,1,1,3,11,+7
Allonzo Trier,12:00,1,4,.250,1,3,.333,2,2,1.000,0,2,2,3,0,0,1,2,5,+5
Ignas Brazdeikis,4:11,1,2,.500,0,1,.000,2,2,1.000,0,0,0,1,0,0,1,0,4,-2
Harrison Barnes,6:19,1,2,.500,1,2,.500,2,2,1.000,0,0,0,0,0,0,0,0,5,+2
Dejounte Murray,7:33,6,7,.857,1,1,1.000,3,5,.600,0,5,5,0,2,0,2,0,16,-1
LeBron James,11:09,1,6,.167,0,3,.000,3,6,.500,0,2,2,3,1,0,1,1,5,+2
Kevin Love,9:21,1,4,.250,0,2,.000,6,6,1.000,2,1,3,0,1,0,2,0,8,-12
Darius Garland,7:05,1,1,1.000,1,1,1.000,2,2,1.000,0,1,1,2,0,0,0,0,5,-10
Luka DonÄiÄ‡,3:34,0,1,.000,0,1,.000,2,2,1.000,0,2,2,3,0,0,1,0,2,+3
Dorian Finney-Smith,5:53,3,4,.750,0,1,.000,1,1,1.000,0,1,1,0,0,0,0,1,7,+7
Kawhi Leonard,11:45,5,11,.455,2,4,.500,6,6,1.000,0,2,2,2,2,0,0,2,18,+15
Lou Williams,7:21,2,5,.400,1,3,.333,1,2,.500,0,1,1,1,0,0,0,1,6,+13
JaMychal Green,12:00,2,3,.667,1,2,.500,2,2,1.000,1,2,3,0,0,0,0,2,7,+15
Bojan BogdanoviÄ‡,8:55,1,2,.500,0,1,.000,2,3,.667,0,0,0,0,0,0,2,3,4,-11
Donovan Mitchell,10:34,4,6,.667,1,2,.500,8,10,.800,0,1,1,1,0,0,2,3,17,-9
Taurean Waller-Prince,10:43,0,2,.000,0,2,.000,2,2,1.000,1,3,4,1,0,0,0,0,2,+9
Joe Harris,8:30,1,4,.250,1,3,.333,1,2,.500,1,1,2,0,0,0,0,0,4,+5
Frank Jackson,7:53,0,2,.000,0,1,.000,3,3,1.000,0,0,0,0,0,0,0,1,3,-4
Dillon Brooks,9:44,2,7,.286,0,4,.000,2,2,1.000,1,2,3,0,0,0,0,1,6,+4
Jae Crowder,7:04,0,2,.000,0,1,.000,1,2,.500,1,0,1,0,0,0,1,3,1,-1
Tyus Jones,7:40,0,4,.000,0,1,.000,2,2,1.000,0,1,1,1,0,0,0,0,2,-1
James Harden,6:50,2,4,.500,1,3,.333,5,7,.714,1,0,1,0,0,0,3,1,10,-3
Eric Gordon,9:20,2,7,.286,1,5,.200,2,3,.667,0,1,1,0,0,0,1,1,7,-2
Andrew Wiggins,5:22,3,8,.375,1,2,.500,1,2,.500,1,1,2,0,0,0,0,2,8,-5
Khris Middleton,5:07,1,3,.333,1,2,.500,2,2,1.000,0,1,1,0,1,0,0,0,5,+5
Donte DiVincenzo,6:22,3,6,.500,1,1,1.000,2,2,1.000,0,1,1,1,1,0,1,0,9,+10
Kyle Korver,9:42,1,3,.333,1,2,.500,0,1,.000,0,1,1,0,0,0,1,0,3,+7
Ricky Rubio,12:00,3,6,.500,2,2,1.000,4,4,1.000,0,3,3,1,0,0,1,1,12,+6
Devin Booker,7:32,4,5,.800,0,1,.000,3,3,1.000,0,2,2,1,0,0,0,1,11,-1
Furkan Korkmaz,12:00,3,3,1.000,3,3,1.000,2,2,1.000,0,4,4,1,0,0,2,1,11,-6
Eric Paschall,9:35,2,5,.400,1,3,.333,4,4,1.000,1,3,4,0,0,1,0,1,9,+8
Jordan Poole,6:04,1,5,.200,1,4,.250,8,8,1.000,0,1,1,0,0,1,0,1,11,-3
Alec Burks,9:38,2,6,.333,0,1,.000,2,3,.667,0,2,2,0,0,0,1,0,6,+6
Damian Lillard,8:18,3,9,.333,0,4,.000,2,2,1.000,1,0,1,1,0,1,0,0,8,-6
Anfernee Simons,5:46,2,4,.500,0,1,.000,3,3,1.000,0,1,1,0,1,0,0,1,7,+5
Terry Rozier,12:00,3,8,.375,1,3,.333,2,2,1.000,1,2,3,1,0,0,0,0,9,+14
Devonte' Graham,12:00,3,6,.500,2,4,.500,3,4,.750,0,0,0,2,1,0,1,1,11,+14
Malcolm Brogdon,9:34,4,6,.667,1,3,.333,1,1,1.000,0,1,1,0,0,0,1,2,10,-6
Jordan Clarkson,4:59,0,2,.000,0,1,.000,2,2,1.000,0,0,0,0,0,0,0,1,2,-4
Kemba Walker,7:01,2,6,.333,2,3,.667,1,2,.500,0,2,2,0,1,0,1,0,7,-4
De'Andre Hunter,10:35,2,3,.667,1,2,.500,2,2,1.000,1,3,4,1,0,0,0,0,7,+14
Jabari Parker,7:29,1,2,.500,0,1,.000,1,2,.500,1,1,2,1,0,0,0,0,3,+10
Trae Young,9:40,5,10,.500,4,6,.667,2,2,1.000,0,0,0,3,1,0,1,0,16,+10
Vince Carter,4:10,2,3,.667,0,1,.000,1,1,1.000,0,1,1,0,0,0,0,0,5,+8
Dejounte Murray,7:45,0,2,.000,0,1,.000,1,2,.500,1,1,2,1,0,0,2,1,1,-15
Patty Mills,5:40,0,1,.000,0,1,.000,2,2,1.000,0,0,0,0,1,0,0,0,2,-3
Zach LaVine,8:11,3,4,.750,1,1,1.000,2,2,1.000,0,1,1,2,0,0,1,1,9,-15
Chandler Hutchison,4:09,2,2,1.000,1,1,1.000,0,3,.000,0,1,1,0,0,0,1,0,5,-6
Anthony Davis,5:31,2,2,1.000,1,1,1.000,2,2,1.000,0,1,1,0,1,0,0,0,7,+7
Quinn Cook,12:00,3,4,.750,2,2,1.000,0,1,.000,1,1,2,2,1,1,0,0,8,+19
Alex Caruso,12:00,1,4,.250,0,2,.000,2,3,.667,0,0,0,1,2,0,0,1,4,+19
Kyle Kuzma,6:29,5,8,.625,1,3,.333,0,1,.000,0,2,2,0,0,0,0,0,11,+12
Chris Paul,8:17,2,4,.500,0,1,.000,4,4,1.000,0,1,1,1,1,0,0,0,8,+5
Danilo Gallinari,7:22,0,3,.000,0,2,.000,1,2,.500,0,1,1,1,0,0,0,0,1,+5
Markelle Fultz,5:09,1,2,.500,0,1,.000,2,2,1.000,0,0,0,0,0,0,1,1,4,-5
Kendrick Nunn,9:22,2,6,.333,0,2,.000,1,3,.333,0,0,0,3,1,0,0,0,5,+5
Bruce Brown,2:49,1,1,1.000,1,1,1.000,2,2,1.000,0,0,0,0,0,0,0,0,5,+2
Langston Galloway,8:17,1,3,.333,1,3,.333,4,4,1.000,0,0,0,2,0,0,0,0,7,+13
Allonzo Trier,3:43,1,2,.500,1,2,.500,2,2,1.000,0,1,1,0,0,0,0,0,5,+4
Malcolm Brogdon,11:00,1,5,.200,1,1,1.000,2,2,1.000,1,0,1,3,0,0,2,0,5,+4
Bradley Beal,9:55,2,8,.250,0,5,.000,1,1,1.000,1,1,2,3,0,0,1,3,5,-1
De'Andre Hunter,8:24,1,3,.333,0,1,.000,2,2,1.000,0,1,1,2,0,0,1,1,4,0
Kevin Huerter,6:12,2,4,.500,1,3,.333,0,1,.000,0,0,0,0,0,0,0,0,5,+3
Tyrone Wallace,6:02,0,1,.000,0,1,.000,0,2,.000,0,1,1,0,0,0,0,0,0,+7
TomÃ¡Å¡ SatoranskÃ½,8:24,3,3,1.000,2,2,1.000,1,2,.500,0,3,3,3,0,0,1,0,9,0
James Harden,7:44,0,3,.000,0,3,.000,3,5,.600,0,0,0,6,0,1,0,0,3,+8
Jordan Poole,6:27,1,2,.500,1,2,.500,2,2,1.000,0,0,0,1,0,0,1,0,5,-6
Fred VanVleet,6:23,1,2,.500,0,1,.000,2,2,1.000,0,0,0,0,0,0,0,0,4,-1
Harrison Barnes,12:00,2,6,.333,2,3,.667,3,4,.750,0,3,3,1,0,0,0,1,9,+3
Bogdan BogdanoviÄ‡,12:00,4,6,.667,4,6,.667,1,1,1.000,0,0,0,0,0,0,0,0,13,+3
Dillon Brooks,12:00,5,7,.714,3,3,1.000,3,3,1.000,0,1,1,1,0,0,0,1,16,+11
Andrew Wiggins,10:07,5,9,.556,2,4,.500,2,3,.667,0,0,0,1,2,0,0,1,14,-4
Luka DonÄiÄ‡,7:53,3,6,.500,1,3,.333,2,2,1.000,0,1,1,2,0,0,2,0,9,0
Nikola VuÄeviÄ‡,8:20,1,2,.500,0,1,.000,3,4,.750,0,4,4,3,0,1,1,0,5,+2
D.J. Augustin,11:51,3,3,1.000,2,2,1.000,2,2,1.000,0,0,0,1,0,0,3,1,10,+6
Donovan Mitchell,9:27,0,4,.000,0,3,.000,3,6,.500,0,0,0,3,0,0,0,0,3,-7
Mike Conley,7:29,2,4,.500,0,1,.000,1,1,1.000,0,1,1,0,1,0,1,0,5,-3
Joe Ingles,10:25,0,2,.000,0,2,.000,2,2,1.000,0,0,0,1,0,0,0,1,2,-8
Lou Williams,12:00,2,8,.250,1,3,.333,4,5,.800,0,2,2,5,0,0,2,3,9,+4
JaMychal Green,12:00,1,5,.200,0,3,.000,1,2,.500,1,3,4,0,0,0,0,2,3,+4
Giannis Antetokounmpo,12:00,4,6,.667,1,2,.500,4,6,.667,2,2,4,3,1,1,1,1,13,-4
Khris Middleton,9:14,0,4,.000,0,1,.000,2,2,1.000,0,0,0,1,0,0,0,1,2,-4
Dwayne Bacon,5:50,1,3,.333,1,1,1.000,1,2,.500,1,2,3,1,0,0,0,0,4,-3
Cody Martin,6:10,0,2,.000,0,1,.000,2,2,1.000,0,1,1,2,0,0,0,1,2,0
Caleb Martin,6:10,0,1,.000,0,1,.000,1,2,.500,0,1,1,0,0,0,1,0,1,0
Jayson Tatum,4:27,0,2,.000,0,1,.000,1,1,1.000,0,0,0,0,2,0,0,0,1,+1
Marcus Smart,7:30,1,3,.333,0,1,.000,1,1,1.000,0,1,1,1,0,0,0,0,3,+4
Javonte Green,10:43,4,8,.500,0,2,.000,2,2,1.000,0,1,1,0,0,0,0,0,10,+1
Dennis SchrÃ¶der,5:52,1,2,.500,0,1,.000,2,2,1.000,0,1,1,2,0,0,2,1,4,-1
Kawhi Leonard,12:00,6,10,.600,0,3,.000,6,6,1.000,0,6,6,1,0,0,1,1,18,+12
Lou Williams,7:43,2,4,.500,1,2,.500,2,2,1.000,0,1,1,3,0,3,1,0,7,+9
Anfernee Simons,11:57,5,11,.455,3,7,.429,3,4,.750,1,1,2,0,0,0,0,0,16,-10
Aaron Holiday,2:15,0,1,.000,0,1,.000,2,2,1.000,0,0,0,0,0,0,0,0,2,-3
Justin Holiday,9:39,0,1,.000,0,1,.000,2,2,1.000,0,2,2,0,0,1,0,0,2,-6
Luke Kennard,10:43,2,4,.500,1,3,.333,2,2,1.000,0,0,0,2,0,0,1,2,7,+9
Langston Galloway,12:00,2,4,.500,2,2,1.000,2,2,1.000,1,1,2,2,0,0,0,0,8,+7
Michael Carter-Williams,9:12,1,3,.333,1,2,.500,1,2,.500,0,2,2,1,1,0,0,2,4,+17
Al-Farouq Aminu,6:44,0,3,.000,0,2,.000,2,2,1.000,0,2,2,0,1,1,0,1,2,+15
Bradley Beal,8:27,2,5,.400,0,2,.000,0,1,.000,0,0,0,1,0,0,3,0,4,-8
Kevin Love,8:52,1,2,.500,0,1,.000,4,5,.800,2,4,6,1,0,1,1,0,6,+5
Matthew Dellavedova,5:58,0,2,.000,0,1,.000,2,2,1.000,0,1,1,0,0,0,0,1,2,+1
Trae Young,12:00,2,4,.500,1,3,.333,1,1,1.000,0,0,0,2,3,0,2,0,6,-4
Harrison Barnes,9:03,2,2,1.000,1,1,1.000,2,2,1.000,0,0,0,0,0,0,0,2,7,+11
Bogdan BogdanoviÄ‡,12:00,3,5,.600,2,3,.667,3,3,1.000,0,1,1,3,0,0,1,0,11,+4
Andrew Wiggins,11:01,5,10,.500,1,1,1.000,1,2,.500,0,2,2,2,0,2,0,1,12,+8
Robert Covington,9:06,2,6,.333,1,4,.250,3,3,1.000,1,2,3,0,2,1,1,0,8,+8
Karl-Anthony Towns,9:01,0,1,.000,0,1,.000,2,2,1.000,0,2,2,1,0,0,0,2,2,+8
Josh Okogie,7:12,1,2,.500,0,1,.000,2,2,1.000,2,0,2,0,0,0,1,1,4,+4
Alec Burks,7:12,1,2,.500,0,1,.000,2,2,1.000,1,2,3,0,0,2,2,2,4,-5
E'Twaun Moore,12:00,4,6,.667,0,1,.000,1,1,1.000,1,3,4,1,0,0,0,1,9,+4
Nickeil Alexander-Walker,12:00,3,6,.500,2,3,.667,2,2,1.000,0,2,2,4,0,0,2,2,10,+4
Fred VanVleet,7:50,0,2,.000,0,2,.000,3,4,.750,0,1,1,2,1,0,1,1,3,+7
Chris Boucher,3:56,0,2,.000,0,1,.000,3,4,.750,2,2,4,0,0,1,0,0,3,-3
Kristaps PorziÅ†Ä£is,10:13,1,5,.200,0,2,.000,1,2,.500,0,3,3,0,0,2,0,3,3,-4
Luka DonÄiÄ‡,6:46,2,5,.400,0,2,.000,2,2,1.000,0,2,2,1,0,0,2,2,6,-2
Jalen Brunson,5:34,1,3,.333,0,1,.000,1,1,1.000,0,1,1,3,1,0,0,0,3,+2
Marcus Morris,9:30,1,6,.167,0,1,.000,3,3,1.000,0,2,2,0,1,0,0,0,5,+5
Julius Randle,9:30,1,3,.333,0,1,.000,3,4,.750,1,3,4,0,1,0,1,1,5,+5
Will Barton,10:15,1,1,1.000,1,1,1.000,2,2,1.000,0,2,2,0,1,1,1,1,5,+19
Joel Embiid,9:03,1,4,.250,0,1,.000,2,4,.500,2,3,5,0,0,0,3,3,4,-17
Bojan BogdanoviÄ‡,9:09,2,6,.333,1,3,.333,3,3,1.000,0,1,1,0,0,0,0,1,8,0
Mike Conley,9:44,0,3,.000,0,1,.000,1,2,.500,0,2,2,1,0,0,1,0,1,-1
Khris Middleton,9:44,3,7,.429,1,2,.500,2,2,1.000,1,2,3,0,0,0,2,1,9,+1
Damian Lillard,9:10,5,10,.500,1,4,.250,5,5,1.000,0,1,1,1,0,0,1,0,16,+1
Kyrie Irving,9:10,3,6,.500,1,1,1.000,1,1,1.000,0,0,0,1,0,1,0,1,8,-1
Joe Harris,7:31,2,5,.400,2,2,1.000,2,2,1.000,0,0,0,0,0,0,0,0,8,+5
Spencer Dinwiddie,9:13,2,4,.500,0,2,.000,3,4,.750,0,1,1,1,1,0,0,0,7,+9
Jimmy Butler,7:46,0,3,.000,0,1,.000,2,2,1.000,1,2,3,0,1,0,0,0,2,-5
Marco Belinelli,9:49,2,2,1.000,1,1,1.000,1,2,.500,0,0,0,2,0,0,0,0,6,+1
Patty Mills,2:58,1,2,.500,0,1,.000,3,4,.750,0,0,0,0,0,0,0,0,5,-8
Lonnie Walker,9:02,1,7,.143,0,1,.000,0,1,.000,1,2,3,1,0,1,1,1,2,+1
Jayson Tatum,6:38,1,2,.500,1,2,.500,2,2,1.000,0,3,3,0,0,0,0,0,5,+7
Terry Rozier,9:47,1,3,.333,1,2,.500,2,2,1.000,0,1,1,1,0,0,0,1,5,-7
Devonte' Graham,8:17,1,6,.167,1,5,.200,3,4,.750,1,1,2,1,1,0,0,1,6,-10
J.J. Redick,6:04,1,3,.333,0,1,.000,2,2,1.000,0,2,2,0,0,0,0,1,4,+7
Frank Jackson,5:56,0,1,.000,0,1,.000,2,2,1.000,0,0,0,1,0,0,0,1,2,+3
Coby White,6:25,2,4,.500,0,1,.000,1,1,1.000,0,0,0,0,0,0,0,0,5,-5
Russell Westbrook,5:35,3,5,.600,0,1,.000,1,2,.500,0,2,2,0,1,0,2,1,7,-1
Alec Burks,8:38,1,4,.250,0,1,.000,1,1,1.000,1,1,2,1,0,1,1,2,3,+1
Glenn Robinson,10:43,4,6,.667,1,2,.500,2,2,1.000,0,0,0,0,0,0,0,0,11,-5
Karl-Anthony Towns,10:47,3,8,.375,2,5,.400,2,2,1.000,1,4,5,1,0,1,1,1,10,+9
Andrew Wiggins,10:30,2,5,.400,0,1,.000,2,2,1.000,0,1,1,2,0,0,0,0,6,+7
Aaron Gordon,9:01,2,4,.500,1,2,.500,1,1,1.000,0,0,0,1,0,0,0,0,6,-4
Michael Carter-Williams,4:55,1,4,.250,0,3,.000,1,1,1.000,0,1,1,1,0,0,0,0,3,-4
Domantas Sabonis,9:01,3,4,.750,0,1,.000,3,4,.750,1,5,6,1,0,0,0,0,9,+4
Cody Zeller,6:16,1,2,.500,0,1,.000,1,2,.500,0,1,1,0,0,0,0,0,3,+2
Terry Rozier,9:00,1,3,.333,1,2,.500,2,2,1.000,0,0,0,2,0,0,1,0,5,+6
Danilo Gallinari,7:13,2,4,.500,1,2,.500,4,5,.800,0,1,1,0,0,0,0,0,9,+8
Dennis SchrÃ¶der,10:01,3,3,1.000,2,2,1.000,1,2,.500,0,2,2,1,1,0,1,3,9,+7
Darius Bazley,4:47,0,1,.000,0,1,.000,0,2,.000,0,1,1,1,0,0,0,0,0,-3
Giannis Antetokounmpo,12:00,5,6,.833,1,2,.500,4,4,1.000,1,4,5,0,1,1,4,1,15,-5
Eric Bledsoe,8:21,2,5,.400,1,2,.500,3,3,1.000,0,0,0,3,0,0,2,1,8,0
Marcus Morris,4:28,1,3,.333,0,2,.000,1,1,1.000,0,0,0,0,0,0,0,2,3,-4
Collin Sexton,5:42,1,3,.333,0,1,.000,0,2,.000,1,0,1,1,0,0,0,0,2,+5
Devin Booker,2:40,1,2,.500,0,1,.000,2,2,1.000,0,0,0,1,0,0,0,0,4,+7
Elie Okobo,5:22,1,2,.500,0,1,.000,2,2,1.000,0,0,0,2,1,0,0,0,4,-1
Theo Pinson,8:56,1,4,.250,0,3,.000,2,2,1.000,0,1,1,2,0,0,1,0,4,-2
Damian Lillard,12:00,4,5,.800,1,2,.500,5,6,.833,0,1,1,0,0,0,1,0,14,0
Anfernee Simons,5:54,1,2,.500,0,1,.000,1,1,1.000,0,0,0,0,0,0,0,0,3,-3
Anthony Tolliver,6:18,0,1,.000,0,1,.000,1,2,.500,0,1,1,0,0,0,1,1,1,-3
Anthony Davis,8:23,1,5,.200,0,2,.000,4,4,1.000,0,1,1,0,0,2,1,3,6,-1
Fred VanVleet,7:35,0,4,.000,0,2,.000,2,2,1.000,0,2,2,3,0,0,0,0,2,0
Chris Boucher,10:21,4,6,.667,1,2,.500,0,2,.000,1,0,1,0,0,2,0,1,9,+2
Luke Kennard,9:33,1,4,.250,1,1,1.000,3,3,1.000,1,2,3,2,1,0,0,0,6,+1
Blake Griffin,7:56,0,1,.000,0,1,.000,1,2,.500,0,2,2,2,0,0,2,0,1,+1
Langston Galloway,12:00,5,8,.625,3,5,.600,0,1,.000,0,0,0,1,0,0,1,0,13,+5
Andrew Wiggins,9:33,5,7,.714,1,1,1.000,3,5,.600,0,2,2,0,1,0,0,0,14,-1
Marcus Smart,9:50,3,4,.750,2,3,.667,1,1,1.000,0,0,0,1,0,0,0,0,9,+7
Kemba Walker,3:39,3,4,.750,3,3,1.000,1,2,.500,0,1,1,1,0,0,0,0,10,+12
Luka DonÄiÄ‡,5:52,3,5,.600,0,1,.000,2,3,.667,0,1,1,1,0,0,0,1,8,-12
Maxi Kleber,7:50,0,1,.000,0,1,.000,3,4,.750,0,1,1,0,0,1,0,0,3,-9
Jalen Brunson,12:00,1,2,.500,0,1,.000,1,2,.500,1,2,3,1,0,0,0,1,3,-5
Tim Hardaway,9:05,3,5,.600,1,3,.333,0,1,.000,0,2,2,0,0,1,0,2,7,+3
DeMar DeRozan,9:12,0,4,.000,0,2,.000,0,1,.000,0,1,1,2,0,0,1,2,0,-2
Rudy Gay,9:14,2,3,.667,1,1,1.000,2,2,1.000,1,3,4,1,0,0,0,2,7,+7
Dillon Brooks,12:00,0,4,.000,0,1,.000,2,2,1.000,0,0,0,1,1,0,0,2,2,-7
Jae Crowder,8:59,2,3,.667,1,2,.500,1,2,.500,0,3,3,0,1,0,1,0,6,+2
Ja Morant,7:07,1,4,.250,0,1,.000,2,2,1.000,1,0,1,1,0,0,0,0,4,-16
Kyle Anderson,3:15,0,1,.000,0,1,.000,1,2,.500,0,1,1,0,0,0,1,0,1,-9
Jrue Holiday,9:53,2,8,.250,0,4,.000,4,4,1.000,0,3,3,4,0,0,0,2,8,+4
J.J. Redick,10:29,2,4,.500,2,4,.500,3,3,1.000,0,0,0,0,0,0,0,2,9,+13
E'Twaun Moore,6:51,3,4,.750,0,1,.000,1,1,1.000,1,0,1,0,1,0,0,0,7,0
James Harden,10:25,6,8,.750,2,3,.667,5,8,.625,0,2,2,2,0,1,0,1,19,-2
Eric Gordon,9:09,1,1,1.000,1,1,1.000,1,2,.500,0,1,1,1,0,0,1,2,4,-13
D'Angelo Russell,6:41,1,3,.333,0,1,.000,2,3,.667,0,0,0,3,0,0,0,0,4,-2
Jordan Poole,8:28,0,2,.000,0,1,.000,0,1,.000,0,1,1,0,0,0,1,2,0,-1
Marquese Chriss,5:02,1,3,.333,0,1,.000,2,2,1.000,0,2,2,1,0,0,0,0,4,0
Mike Conley,7:26,0,2,.000,0,1,.000,5,5,1.000,0,0,0,2,0,0,0,0,5,+4
Maurice Harkless,12:00,1,3,.333,0,1,.000,3,4,.750,1,0,1,1,0,1,0,2,5,+15
JaMychal Green,12:00,2,7,.286,0,3,.000,2,3,.667,4,4,8,1,0,1,1,0,6,+15
Pascal Siakam,12:00,1,6,.167,0,2,.000,1,4,.250,1,1,2,0,0,0,0,2,3,-15
Aaron Holiday,10:39,4,6,.667,0,2,.000,1,1,1.000,0,1,1,1,0,0,1,0,9,-1
Darius Bazley,12:00,1,1,1.000,1,1,1.000,1,2,.500,1,2,3,0,0,0,0,0,4,-2
Kendrick Nunn,9:25,1,2,.500,1,2,.500,2,2,1.000,0,1,1,0,0,0,0,1,5,-7
Goran DragiÄ‡,12:00,0,3,.000,0,3,.000,1,2,.500,0,0,0,0,1,0,1,1,1,-11
Luke Kennard,12:00,4,7,.571,1,4,.250,2,2,1.000,0,1,1,1,0,0,0,2,11,+11
Markieff Morris,4:35,0,3,.000,0,3,.000,1,2,.500,0,2,2,2,0,0,0,2,1,+3
Langston Galloway,7:23,2,2,1.000,1,1,1.000,3,3,1.000,1,0,1,0,0,0,1,2,8,+9
Julius Randle,8:36,0,2,.000,0,1,.000,1,2,.500,1,2,3,1,0,0,2,3,1,-8
RJ Barrett,8:36,1,4,.250,0,2,.000,1,4,.250,0,1,1,1,0,0,1,0,3,-8
Marcus Morris,6:13,2,3,.667,1,2,.500,1,2,.500,0,2,2,0,0,0,0,0,6,-5
Kevin Knox,9:47,0,1,.000,0,1,.000,2,2,1.000,0,0,0,0,0,0,0,2,2,-13
Will Barton,7:06,0,2,.000,0,2,.000,1,2,.500,3,1,4,1,0,0,0,1,1,-2
Jamal Murray,11:14,3,8,.375,0,2,.000,2,2,1.000,2,0,2,1,0,0,0,0,8,+10
Nikola JokiÄ‡,6:20,2,7,.286,1,5,.200,2,2,1.000,0,2,2,2,0,0,0,0,7,+3
Paul Millsap,6:22,0,1,.000,0,1,.000,2,2,1.000,1,0,1,1,0,1,0,1,2,+2
Jerami Grant,5:40,1,2,.500,0,1,.000,1,1,1.000,0,1,1,0,0,1,0,2,3,+2
Trae Young,11:45,3,5,.600,2,3,.667,7,8,.875,0,2,2,2,0,0,2,1,15,-5
Tyrone Wallace,2:19,0,1,.000,0,1,.000,1,2,.500,0,1,1,0,0,0,1,2,1,-6
Ricky Rubio,12:00,1,5,.200,0,2,.000,1,1,1.000,0,1,1,2,0,0,0,1,3,-5
Aron Baynes,5:43,0,2,.000,0,1,.000,3,4,.750,1,2,3,0,0,0,0,0,3,-4
Cameron Johnson,12:00,2,4,.500,2,4,.500,2,2,1.000,1,2,3,1,0,0,1,4,8,-5
Anthony Davis,8:41,1,3,.333,1,2,.500,2,2,1.000,1,2,3,0,0,0,0,0,5,+6
LeBron James,11:42,3,9,.333,1,3,.333,0,3,.000,0,4,4,0,0,0,1,0,7,+5
Danny Green,4:15,1,2,.500,1,2,.500,1,2,.500,0,0,0,1,0,0,1,2,4,-1
Mike Conley,5:58,1,5,.200,0,2,.000,2,3,.667,0,0,0,1,0,0,0,0,4,+2
Harrison Barnes,6:19,3,3,1.000,1,1,1.000,1,2,.500,0,0,0,0,0,0,1,0,8,-3
Damian Lillard,9:46,1,2,.500,1,2,.500,4,4,1.000,0,1,1,3,0,0,1,0,7,+2
Kent Bazemore,12:00,0,2,.000,0,2,.000,2,2,1.000,0,0,0,0,0,0,0,0,2,+3
Jaren Jackson,5:51,1,2,.500,1,1,1.000,2,2,1.000,1,1,2,0,0,1,0,0,5,-7
Aaron Gordon,9:20,1,4,.250,0,1,.000,2,3,.667,1,4,5,3,1,1,0,1,4,+13
D.J. Augustin,12:00,2,5,.400,0,1,.000,2,2,1.000,0,1,1,4,0,0,0,2,6,+17
Al Horford,9:30,1,4,.250,1,3,.333,1,2,.500,1,3,4,0,0,0,2,1,4,-12
Jaylen Brown,6:15,2,5,.400,0,1,.000,2,2,1.000,0,1,1,1,0,0,0,1,6,-8
Jayson Tatum,10:19,2,6,.333,1,1,1.000,3,3,1.000,1,1,2,0,0,0,0,3,8,+5
Brad Wanamaker,5:45,1,2,.500,0,1,.000,2,2,1.000,0,1,1,2,0,0,1,0,4,+9
Bradley Beal,9:51,5,8,.625,1,2,.500,2,3,.667,0,1,1,1,0,0,0,0,13,+6
Isaiah Thomas,7:47,1,3,.333,0,1,.000,1,1,1.000,0,0,0,1,0,0,0,1,3,+5
Rui Hachimura,7:36,1,2,.500,0,1,.000,3,4,.750,2,1,3,1,0,0,0,1,5,+7
James Harden,12:00,3,7,.429,2,4,.500,9,9,1.000,0,2,2,2,1,0,1,0,17,+3
Russell Westbrook,12:00,2,5,.400,2,3,.667,1,2,.500,0,2,2,0,0,0,0,0,7,+3
Kawhi Leonard,11:36,2,5,.400,1,4,.250,2,3,.667,0,3,3,2,0,0,2,1,7,-5
Lou Williams,11:36,1,6,.167,0,1,.000,1,1,1.000,2,1,3,1,0,0,1,1,3,-5
Karl-Anthony Towns,6:46,1,4,.250,0,2,.000,2,2,1.000,2,4,6,2,0,0,1,1,4,+6
Treveon Graham,9:11,1,2,.500,0,1,.000,0,1,.000,0,1,1,0,0,0,0,2,2,+11
Jake Layman,8:32,2,3,.667,0,1,.000,1,2,.500,0,1,1,0,1,0,0,2,5,0
Kyle Kuzma,7:55,1,4,.250,1,3,.333,5,6,.833,2,1,3,0,0,0,0,0,8,+9
Anfernee Simons,8:59,3,5,.600,2,4,.500,2,2,1.000,0,0,0,0,0,0,0,0,10,+9
Kevin Love,12:00,3,6,.500,2,3,.667,2,2,1.000,2,4,6,0,1,1,0,0,10,+9
Goran DragiÄ‡,12:00,1,5,.200,0,2,.000,2,2,1.000,0,1,1,2,2,0,2,1,4,-9
Giannis Antetokounmpo,12:00,3,9,.333,0,1,.000,5,8,.625,2,3,5,2,2,0,2,2,11,-2
Wesley Matthews,6:50,1,2,.500,0,1,.000,2,2,1.000,0,2,2,0,0,0,0,1,4,+5
Kyle Korver,5:10,0,1,.000,0,1,.000,2,2,1.000,1,0,1,0,0,0,0,1,2,-7
Zach LaVine,8:29,2,6,.333,1,3,.333,5,5,1.000,0,0,0,1,1,0,1,3,10,-1
Coby White,12:00,2,7,.286,1,3,.333,2,2,1.000,0,1,1,1,1,0,1,0,7,+2
Ryan Arcidiacono,12:00,1,2,.500,1,2,.500,1,2,.500,0,0,0,2,0,0,0,3,4,+2
Jrue Holiday,9:51,3,8,.375,2,3,.667,4,6,.667,0,0,0,4,5,0,2,0,12,0
J.J. Redick,5:57,0,1,.000,0,1,.000,2,2,1.000,0,1,1,0,0,0,0,1,2,+6
Paul George,7:20,2,3,.667,1,1,1.000,2,2,1.000,0,3,3,1,0,0,4,0,7,-2
Rodney McGruder,12:00,1,3,.333,1,3,.333,1,2,.500,0,0,0,0,0,0,0,0,4,-6
Frank Ntilikina,7:16,0,2,.000,0,1,.000,2,2,1.000,0,0,0,1,1,0,0,0,2,+1
Kevin Knox,3:24,0,1,.000,0,1,.000,1,2,.500,0,0,0,0,0,0,0,0,1,+1
Tim Hardaway,11:35,2,6,.333,1,4,.250,1,2,.500,0,2,2,0,0,1,0,2,6,0
Kelly Oubre,9:11,2,7,.286,0,4,.000,3,3,1.000,0,0,0,1,0,0,1,1,7,+2
Aron Baynes,4:54,0,2,.000,0,2,.000,1,2,.500,0,1,1,1,0,0,1,0,1,-1
Frank Kaminsky,4:17,1,1,1.000,1,1,1.000,2,2,1.000,0,1,1,1,0,0,0,1,5,+3
Cameron Johnson,8:24,1,2,.500,1,2,.500,2,2,1.000,0,1,1,0,0,0,1,0,5,-1
De'Andre Hunter,12:00,3,6,.500,1,2,.500,2,2,1.000,0,1,1,0,2,0,0,0,9,-2
Cam Reddish,6:27,0,2,.000,0,2,.000,2,2,1.000,0,1,1,0,0,0,1,1,2,-3
Will Barton,12:00,4,6,.667,0,2,.000,1,2,.500,0,3,3,2,0,0,0,1,9,+8
Spencer Dinwiddie,8:03,2,6,.333,0,3,.000,2,2,1.000,0,0,0,0,1,0,0,3,6,-4
Blake Griffin,7:32,1,5,.200,0,4,.000,2,2,1.000,0,0,0,2,0,0,0,0,4,+3
Aaron Gordon,7:51,0,2,.000,0,1,.000,3,4,.750,0,0,0,1,0,0,0,0,3,+6
Evan Fournier,7:50,3,3,1.000,2,2,1.000,1,2,.500,0,1,1,2,0,0,1,1,9,+3
Terrence Ross,11:47,3,5,.600,1,3,.333,3,3,1.000,0,2,2,0,0,0,0,1,10,+7
James Harden,12:00,4,7,.571,2,4,.500,7,9,.778,0,4,4,1,1,0,0,2,17,+8
Russell Westbrook,9:21,3,7,.429,1,1,1.000,2,2,1.000,1,1,2,0,0,0,0,1,9,-1
Ben McLemore,9:05,0,1,.000,0,1,.000,3,3,1.000,0,0,0,0,0,0,0,0,3,+11
Aaron Holiday,6:50,2,6,.333,1,4,.250,2,2,1.000,0,1,1,0,0,0,2,1,7,-7
Dillon Brooks,9:00,4,5,.800,1,1,1.000,1,2,.500,0,0,0,0,0,0,0,2,10,+2
Ja Morant,9:06,3,9,.333,0,2,.000,3,4,.750,1,1,2,2,0,0,0,0,9,+3
Donovan Mitchell,8:34,1,6,.167,0,2,.000,3,3,1.000,0,1,1,1,0,0,1,1,5,-4
Mike Conley,9:16,2,4,.500,1,1,1.000,1,2,.500,0,1,1,2,0,0,1,0,6,+3
Jeff Green,5:49,0,2,.000,0,1,.000,2,2,1.000,0,0,0,0,0,0,0,0,2,-3
Robert Covington,4:12,1,1,1.000,1,1,1.000,4,4,1.000,0,1,1,0,0,0,0,0,7,-6
Jordan Bell,4:44,0,3,.000,0,1,.000,1,2,.500,0,2,2,0,0,0,0,0,1,-6
Bradley Beal,7:12,3,4,.750,0,1,.000,4,4,1.000,0,0,0,2,1,0,0,0,10,+15
Abdel Nader,3:05,0,2,.000,0,1,.000,1,2,.500,0,0,0,0,0,0,0,2,1,-2
Tobias Harris,11:27,2,3,.667,1,1,1.000,2,2,1.000,0,2,2,2,0,0,1,3,7,-3
Joel Embiid,8:05,2,7,.286,1,3,.333,1,2,.500,0,2,2,0,0,0,1,1,6,0
Draymond Green,9:27,0,1,.000,0,1,.000,4,4,1.000,1,2,3,0,0,1,1,2,4,+2
Eric Paschall,7:03,1,2,.500,0,1,.000,1,1,1.000,0,0,0,0,0,0,1,0,3,-5
Alec Burks,9:27,2,7,.286,0,2,.000,3,4,.750,0,1,1,0,1,0,0,1,7,+2
Kemba Walker,8:52,5,8,.625,2,4,.500,2,2,1.000,0,1,1,1,0,0,0,0,14,+9
LeBron James,12:00,4,8,.500,1,3,.333,2,2,1.000,1,1,2,2,1,0,1,1,11,-1
Buddy Hield,8:40,0,3,.000,0,2,.000,3,3,1.000,1,0,1,0,0,0,2,1,3,+6
Bogdan BogdanoviÄ‡,12:00,3,5,.600,0,2,.000,1,1,1.000,0,1,1,1,1,0,1,1,7,+1
Zach LaVine,7:09,5,10,.500,2,5,.400,4,4,1.000,1,1,2,0,0,0,0,1,16,-2
Chandler Hutchison,6:41,1,3,.333,0,2,.000,1,1,1.000,0,1,1,0,0,0,0,0,3,-3
Joe Harris,12:00,2,3,.667,0,1,.000,2,2,1.000,1,1,2,2,1,0,0,1,6,+10
Spencer Dinwiddie,12:00,4,6,.667,0,1,.000,12,13,.923,0,1,1,0,0,0,2,1,20,+10
Taurean Waller-Prince,12:00,3,4,.750,2,3,.667,1,2,.500,0,2,2,0,0,0,1,1,9,+10
Garrett Temple,8:55,0,1,.000,0,1,.000,2,2,1.000,0,1,1,0,0,0,0,1,2,+7
RJ Barrett,5:22,2,3,.667,1,1,1.000,3,4,.750,1,1,2,1,0,0,0,1,8,-5
Terry Rozier,8:38,2,4,.500,0,2,.000,3,3,1.000,0,1,1,1,1,0,1,0,7,+5
Nickeil Alexander-Walker,12:00,4,7,.571,4,5,.800,1,2,.500,0,1,1,1,0,0,1,0,13,-2
Karl-Anthony Towns,6:20,0,1,.000,0,1,.000,2,2,1.000,1,2,3,0,0,0,0,0,2,+2
Jarrett Culver,8:53,0,1,.000,0,1,.000,0,2,.000,0,0,0,2,1,0,1,1,0,-4
Keita Bates-Diop,7:11,1,2,.500,1,2,.500,2,2,1.000,0,0,0,0,1,0,1,0,5,-6
James Harden,8:07,4,7,.571,2,4,.500,1,1,1.000,0,1,1,3,0,0,2,0,11,+4
Austin Rivers,12:00,3,6,.500,0,2,.000,2,2,1.000,0,0,0,1,1,1,1,0,8,+12
Kristaps PorziÅ†Ä£is,10:23,0,3,.000,0,1,.000,3,3,1.000,0,2,2,0,0,1,0,1,3,+5
Dorian Finney-Smith,7:02,2,4,.500,1,3,.333,1,2,.500,0,1,1,0,0,0,0,1,6,+2
Delon Wright,6:35,2,3,.667,0,1,.000,2,2,1.000,1,1,2,0,1,0,1,0,6,+7
Fred VanVleet,9:19,2,4,.500,1,3,.333,2,2,1.000,0,2,2,2,0,0,1,1,7,-10
Norman Powell,9:43,5,9,.556,3,4,.750,0,1,.000,0,0,0,0,0,0,0,2,13,+1
Bryn Forbes,6:38,0,3,.000,0,2,.000,2,2,1.000,0,1,1,0,0,0,0,0,2,-13
Rudy Gay,7:08,2,3,.667,0,1,.000,1,2,.500,0,2,2,1,1,0,0,1,5,-5
Damian Lillard,9:26,1,7,.143,0,3,.000,5,5,1.000,1,2,3,1,1,0,0,0,7,+15
Mfiondu Kabengele,7:31,3,4,.750,2,3,.667,2,2,1.000,0,2,2,0,0,0,0,2,10,+11
Cam Reddish,12:00,3,7,.429,1,2,.500,3,4,.750,0,2,2,1,0,0,0,1,10,-19
De'Andre Hunter,5:40,0,5,.000,0,2,.000,0,2,.000,0,0,0,0,0,0,0,1,0,-11
Jordan Clarkson,6:02,2,3,.667,1,2,.500,2,2,1.000,0,0,0,2,0,0,0,0,7,+11
Tobias Harris,5:25,3,3,1.000,1,1,1.000,1,1,1.000,0,0,0,0,0,0,0,0,8,+1
Jayson Tatum,8:55,4,7,.571,1,2,.500,1,1,1.000,0,0,0,0,0,0,0,0,10,-3
Brandon Clarke,10:10,4,4,1.000,1,1,1.000,1,2,.500,0,4,4,0,0,0,1,1,10,+14
Solomon Hill,8:14,1,2,.500,0,1,.000,2,2,1.000,0,2,2,2,0,0,0,1,4,+1
De'Anthony Melton,10:50,3,5,.600,2,3,.667,2,2,1.000,0,4,4,2,1,1,0,1,10,+13
Aaron Gordon,8:26,2,4,.500,1,1,1.000,2,2,1.000,0,1,1,0,0,0,0,0,7,-10
Nikola VuÄeviÄ‡,7:55,2,3,.667,1,1,1.000,2,2,1.000,4,1,5,1,0,0,0,1,7,-5
Al-Farouq Aminu,7:36,2,4,.500,0,1,.000,2,2,1.000,0,0,0,0,0,0,0,0,6,-5
Evan Fournier,7:55,2,3,.667,2,3,.667,1,2,.500,0,0,0,2,0,0,1,1,7,-5
Terrence Ross,5:57,0,2,.000,0,1,.000,3,3,1.000,0,1,1,0,0,0,0,0,3,+4
Bradley Beal,10:47,5,8,.625,3,5,.600,2,2,1.000,0,0,0,2,1,0,1,2,15,+10
Jrue Holiday,12:00,5,7,.714,0,1,.000,2,2,1.000,0,3,3,2,0,1,2,0,12,+1
J.J. Redick,8:00,1,2,.500,1,1,1.000,1,1,1.000,0,2,2,0,0,0,0,1,4,-1
E'Twaun Moore,4:00,0,2,.000,0,1,.000,1,2,.500,1,0,1,0,0,0,0,1,1,+2
Eric Paschall,6:12,2,3,.667,0,1,.000,2,2,1.000,0,1,1,0,0,0,0,0,6,+7
Rajon Rondo,6:56,0,1,.000,0,1,.000,2,2,1.000,0,0,0,2,0,0,0,1,2,+5
Kevin Knox,12:00,2,6,.333,0,2,.000,1,2,.500,0,1,1,0,1,0,0,1,5,-5
Kevin Porter,7:26,3,4,.750,1,2,.500,1,1,1.000,0,0,0,1,0,0,1,1,8,+4
Alfonzo McKinnie,10:28,1,3,.333,1,2,.500,2,3,.667,2,1,3,0,0,0,1,1,5,0
TimothÃ© Luwawu-Cabarrot,4:35,0,2,.000,0,1,.000,1,2,.500,0,0,0,0,0,0,0,0,1,-4
Doug McDermott,9:40,1,3,.333,1,2,.500,1,2,.500,0,4,4,0,0,0,0,1,4,+11
Terence Davis,12:00,5,5,1.000,4,4,1.000,2,2,1.000,0,0,0,6,1,0,1,2,16,+18
Chris Boucher,12:00,4,7,.571,1,1,1.000,0,1,.000,4,2,6,0,1,0,1,1,9,+18
Willy HernangÃ³mez,10:01,1,2,.500,0,1,.000,3,6,.500,1,2,3,1,0,1,1,0,5,-13
Michael Kidd-Gilchrist,8:21,0,3,.000,0,2,.000,2,2,1.000,0,2,2,1,0,0,0,2,2,-7
Giannis Antetokounmpo,8:25,3,4,.750,0,1,.000,3,6,.500,1,2,3,0,0,0,1,1,9,+7
Brook Lopez,9:30,3,5,.600,0,1,.000,5,5,1.000,1,2,3,1,1,2,1,1,11,+3
Eric Bledsoe,6:56,1,4,.250,0,1,.000,1,1,1.000,1,0,1,1,0,0,0,0,3,+9
Russell Westbrook,7:17,1,4,.250,0,2,.000,4,4,1.000,1,2,3,2,0,1,3,0,6,-1
James Harden,6:16,2,3,.667,1,1,1.000,2,2,1.000,0,0,0,2,0,0,1,2,7,+7
Anfernee Simons,7:31,1,5,.200,0,1,.000,1,2,.500,0,1,1,1,0,0,0,2,3,0
Kent Bazemore,8:11,1,7,.143,1,3,.333,1,2,.500,1,2,3,2,0,0,0,0,4,+2
Luka DonÄiÄ‡,6:25,2,5,.400,1,2,.500,3,4,.750,1,1,2,1,0,0,2,3,8,-1
Kristaps PorziÅ†Ä£is,5:48,1,3,.333,0,1,.000,1,2,.500,1,1,2,0,0,0,1,0,3,-5
Bryn Forbes,9:02,2,3,.667,2,3,.667,2,2,1.000,0,0,0,0,1,0,1,1,8,+5
Mike Conley,8:59,2,5,.400,0,1,.000,1,1,1.000,1,0,1,0,0,0,0,2,5,-13
Donovan Mitchell,9:17,2,8,.250,0,1,.000,1,1,1.000,0,2,2,0,0,0,0,1,5,-9
Joe Ingles,11:27,0,1,.000,0,1,.000,1,2,.500,1,2,3,2,0,0,1,1,1,-9
Jeff Green,5:31,1,4,.250,1,2,.500,4,4,1.000,1,0,1,0,0,0,0,1,7,-2
Robert Covington,8:58,1,2,.500,0,1,.000,2,2,1.000,0,2,2,0,1,0,0,1,4,+6
Paul George,9:16,2,4,.500,2,3,.667,1,2,.500,0,2,2,1,0,0,2,1,7,+7
Chris Paul,10:16,1,4,.250,0,1,.000,4,4,1.000,0,1,1,1,1,0,0,3,6,-5
Ja Morant,10:48,3,7,.429,1,2,.500,2,2,1.000,0,1,1,2,0,0,1,1,9,-6
Brandon Clarke,8:34,1,2,.500,0,1,.000,1,2,.500,1,0,1,2,0,0,0,1,3,-1
Alec Burks,8:45,1,2,.500,1,2,.500,2,2,1.000,0,4,4,1,0,0,3,0,5,-1
Eric Paschall,4:30,3,5,.600,0,1,.000,2,2,1.000,1,0,1,0,0,0,1,2,8,0
Omari Spellman,8:42,2,3,.667,1,2,.500,1,3,.333,2,0,2,1,0,0,0,1,6,+8
Frank Jackson,7:09,0,1,.000,0,1,.000,2,2,1.000,0,2,2,0,0,0,0,1,2,+3
Cory Joseph,12:00,1,3,.333,0,2,.000,2,2,1.000,0,0,0,5,1,2,0,3,4,-8
Buddy Hield,1:22,0,1,.000,0,1,.000,1,2,.500,0,0,0,0,0,0,0,1,1,-5
Devin Booker,9:21,3,7,.429,2,4,.500,2,2,1.000,1,1,2,1,1,0,3,2,10,+8
Kelly Oubre,12:00,3,6,.500,1,1,1.000,1,1,1.000,0,4,4,1,1,0,0,2,8,+8
Mikal Bridges,8:46,3,3,1.000,1,1,1.000,4,4,1.000,0,0,0,0,0,0,0,0,11,+8
Elie Okobo,12:00,0,1,.000,0,1,.000,1,2,.500,0,0,0,4,0,0,1,1,1,+8
LeBron James,12:00,4,9,.444,2,3,.667,0,2,.000,0,5,5,2,0,0,2,1,10,-1
Shai Gilgeous-Alexander,8:30,2,6,.333,0,1,.000,1,1,1.000,0,3,3,0,0,1,0,0,5,-1
Danilo Gallinari,8:08,1,1,1.000,1,1,1.000,4,4,1.000,0,0,0,0,0,0,1,1,7,+2
Joel Embiid,9:25,4,6,.667,1,3,.333,3,6,.500,0,2,2,0,0,0,2,2,12,+7
Tobias Harris,7:55,1,2,.500,0,1,.000,2,3,.667,0,3,3,2,0,0,0,0,4,+7
Marcus Morris,12:00,4,9,.444,3,4,.750,2,2,1.000,3,2,5,3,0,0,0,2,13,-10
Frank Ntilikina,8:42,0,1,.000,0,1,.000,1,2,.500,0,1,1,0,0,1,0,1,1,-4
Bradley Beal,8:21,2,6,.333,0,1,.000,2,2,1.000,0,1,1,3,0,0,0,2,6,0
Bryn Forbes,6:30,2,3,.667,2,3,.667,1,2,.500,0,1,1,1,0,0,0,1,7,+1
Rudy Gay,7:44,2,4,.500,0,1,.000,4,4,1.000,2,1,3,2,0,0,1,0,8,-1
Trae Young,8:14,4,6,.667,0,1,.000,5,7,.714,1,0,1,2,1,0,0,0,13,+1
De'Andre Hunter,11:30,3,5,.600,1,1,1.000,8,9,.889,0,5,5,1,0,0,0,1,15,+6
Cam Reddish,10:22,1,3,.333,1,1,1.000,1,2,.500,0,2,2,1,1,0,0,0,4,+5
Giannis Antetokounmpo,6:20,1,2,.500,0,1,.000,2,4,.500,0,4,4,1,0,0,1,0,4,+7
Eric Bledsoe,10:36,6,8,.750,2,2,1.000,3,5,.600,2,1,3,2,0,0,2,2,17,-4
Donte DiVincenzo,6:41,2,4,.500,2,2,1.000,1,2,.500,1,1,2,2,0,0,2,2,7,-9
Garrett Temple,9:53,0,3,.000,0,2,.000,1,2,.500,0,1,1,1,0,1,1,0,1,-3
Theo Pinson,3:40,0,1,.000,0,1,.000,2,2,1.000,0,0,0,0,1,0,0,0,2,-4
Terry Rozier,12:00,1,4,.250,1,3,.333,2,2,1.000,1,1,2,0,0,0,1,2,5,-1
Jimmy Butler,5:55,2,5,.400,2,3,.667,3,3,1.000,0,2,2,0,0,0,0,1,9,+9
Kelly Olynyk,12:00,1,3,.333,1,3,.333,2,2,1.000,1,4,5,1,0,0,1,1,5,+2
Pascal Siakam,6:32,3,8,.375,0,1,.000,3,4,.750,1,2,3,1,0,0,0,1,9,+7
Terence Davis,12:00,2,3,.667,0,1,.000,2,2,1.000,0,3,3,4,0,0,1,1,6,+5
Chris Boucher,10:34,2,4,.500,0,1,.000,2,2,1.000,5,4,9,0,0,0,0,2,6,+6
Evan Fournier,6:04,1,3,.333,0,1,.000,0,1,.000,0,1,1,1,0,0,1,0,2,-7
Lauri Markkanen,7:37,1,2,.500,1,1,1.000,4,7,.571,0,1,1,0,0,0,0,1,7,+2
Langston Galloway,12:00,0,4,.000,0,4,.000,3,3,1.000,0,1,1,0,0,0,1,1,3,-7
Blake Griffin,8:38,2,2,1.000,1,1,1.000,0,1,.000,0,0,0,0,0,0,3,1,5,-2
Christian Wood,8:58,2,3,.667,0,1,.000,2,2,1.000,2,3,5,0,0,1,0,0,6,-4
Robert Covington,7:33,0,1,.000,0,1,.000,1,2,.500,0,0,0,0,0,2,0,0,1,-7
Jeff Green,3:36,0,1,.000,0,1,.000,2,2,1.000,0,0,0,1,0,0,0,0,2,-4
Nikola JokiÄ‡,6:12,2,5,.400,0,1,.000,1,1,1.000,1,3,4,1,0,0,3,3,5,-4
Torrey Craig,12:00,3,4,.750,0,1,.000,0,3,.000,1,0,1,3,2,1,0,2,6,+1
Juan HernangÃ³mez,5:58,1,2,.500,0,1,.000,1,2,.500,0,2,2,0,0,0,0,0,3,+3
James Harden,7:23,0,3,.000,0,2,.000,3,5,.600,1,2,3,0,0,0,4,2,3,-6
Austin Rivers,10:09,1,3,.333,1,3,.333,2,2,1.000,0,1,1,0,2,0,0,0,5,+2
Chris Clemons,4:37,0,1,.000,0,1,.000,1,2,.500,0,2,2,1,0,0,0,0,1,+5
Paul George,9:38,0,4,.000,0,3,.000,1,2,.500,0,0,0,5,0,0,0,0,1,+8
Lou Williams,11:52,4,7,.571,3,5,.600,2,2,1.000,0,1,1,0,2,0,0,0,13,+9
Giannis Antetokounmpo,11:44,3,10,.300,0,3,.000,2,3,.667,1,5,6,4,0,1,1,1,8,+1
Eric Bledsoe,8:55,2,4,.500,0,1,.000,2,2,1.000,0,1,1,2,1,0,1,1,6,+2
Carmelo Anthony,6:31,1,4,.250,0,1,.000,1,2,.500,1,1,2,0,0,0,0,0,3,0
Devin Booker,8:10,2,3,.667,0,1,.000,3,3,1.000,0,2,2,3,0,0,1,1,7,+1
Cameron Johnson,8:11,1,3,.333,0,1,.000,3,3,1.000,0,0,0,0,1,0,0,0,5,-2
Jrue Holiday,8:45,2,4,.500,0,1,.000,0,2,.000,0,0,0,4,0,0,2,2,4,+2
Brandon Ingram,12:00,6,10,.600,2,3,.667,1,1,1.000,0,2,2,2,0,1,2,1,15,+2
Christian Wood,12:00,4,4,1.000,1,1,1.000,2,2,1.000,1,6,7,1,1,4,1,1,11,+2
Jabari Parker,3:47,1,2,.500,0,1,.000,3,3,1.000,1,0,1,1,1,0,0,0,5,+4
Bradley Beal,12:00,3,8,.375,0,3,.000,3,4,.750,0,0,0,3,0,0,0,0,9,+13
Jordan McRae,9:23,2,2,1.000,1,1,1.000,2,2,1.000,0,0,0,2,2,0,0,0,7,+20
DÅ¾anan Musa,4:36,1,3,.333,0,1,.000,2,2,1.000,1,1,2,0,1,0,0,0,4,-1
Wenyen Gabriel,7:57,2,3,.667,0,1,.000,1,2,.500,0,1,1,0,1,1,0,1,5,-4
Shaquille Harrison,4:55,1,4,.250,0,1,.000,4,4,1.000,0,1,1,2,1,0,0,3,6,+13
Max Strus,4:55,2,3,.667,0,1,.000,1,1,1.000,1,0,1,0,0,0,0,1,5,+13
Goran DragiÄ‡,9:02,1,2,.500,1,2,.500,3,4,.750,0,2,2,2,0,0,1,0,6,+3
Tyler Herro,10:41,1,4,.250,1,3,.333,1,2,.500,0,0,0,3,0,0,1,2,4,-11
Chris Paul,7:50,3,5,.600,1,3,.333,1,1,1.000,0,1,1,0,0,0,0,2,8,0
Dennis SchrÃ¶der,9:11,1,4,.250,0,1,.000,2,2,1.000,0,0,0,0,0,0,0,0,4,+2
LeBron James,9:43,2,5,.400,0,1,.000,1,1,1.000,1,1,2,2,1,0,3,2,5,-1
Anthony Davis,6:24,1,2,.500,1,1,1.000,5,5,1.000,0,3,3,0,1,0,0,1,8,+3
Joel Embiid,8:27,0,3,.000,0,2,.000,2,2,1.000,2,2,4,1,0,0,1,1,2,+7
Kevin Porter,12:00,3,7,.429,0,1,.000,1,1,1.000,0,3,3,2,1,0,0,0,7,-2
Jamal Murray,8:19,3,5,.600,0,1,.000,2,2,1.000,0,1,1,2,2,0,0,0,8,-5
Paul Millsap,7:05,3,4,.750,1,1,1.000,1,1,1.000,1,1,2,0,0,0,1,0,8,-4
Jayson Tatum,7:05,3,5,.600,0,2,.000,1,2,.500,0,1,1,3,0,0,0,0,7,+4
Donovan Mitchell,9:45,3,7,.429,0,2,.000,2,3,.667,0,0,0,0,0,0,0,1,8,-9
Mike Conley,8:09,2,3,.667,1,2,.500,3,4,.750,0,3,3,1,0,0,1,0,8,-13
Paul George,7:59,1,3,.333,1,3,.333,5,6,.833,0,2,2,1,0,0,0,1,8,+2
Kawhi Leonard,9:52,4,5,.800,0,1,.000,3,6,.500,0,2,2,2,1,0,1,3,11,+5
James Harden,10:17,2,4,.500,1,3,.333,4,5,.800,0,3,3,4,0,0,0,1,9,-1
Russell Westbrook,8:44,1,7,.143,0,3,.000,2,2,1.000,2,0,2,2,0,0,1,3,4,-9
Andrew Wiggins,9:32,2,4,.500,1,2,.500,0,2,.000,0,2,2,0,0,1,0,2,5,+3
Keita Bates-Diop,8:41,1,3,.333,0,1,.000,1,2,.500,0,0,0,1,0,0,0,1,3,+6
Devin Booker,8:41,3,7,.429,0,1,.000,4,4,1.000,0,3,3,2,0,0,0,0,10,-6
Kelly Oubre,12:00,1,5,.200,0,1,.000,1,1,1.000,1,2,3,0,1,0,0,2,3,-7
Devonte' Graham,10:03,0,1,.000,0,1,.000,2,2,1.000,0,0,0,4,0,0,1,0,2,-12
Terry Rozier,12:00,3,3,1.000,2,2,1.000,5,7,.714,0,0,0,1,1,0,0,1,13,-6
Marvin Williams,7:48,4,5,.800,1,2,.500,1,1,1.000,0,0,0,0,0,0,1,1,10,-6
Justin Holiday,9:23,1,1,1.000,1,1,1.000,2,2,1.000,0,2,2,2,1,0,0,0,5,+9
Jabari Parker,9:09,2,5,.400,0,2,.000,1,1,1.000,2,2,4,2,2,0,0,3,5,+1
Fred VanVleet,12:00,2,8,.250,1,3,.333,4,4,1.000,0,1,1,1,0,0,2,1,9,+6
Terence Davis,6:54,1,2,.500,0,1,.000,1,1,1.000,0,2,2,0,0,0,0,2,3,+10
Matt Thomas,4:14,0,1,.000,0,1,.000,1,2,.500,0,1,1,0,0,0,0,0,1,+6
Frank Ntilikina,12:00,2,4,.500,1,1,1.000,2,2,1.000,0,1,1,5,2,0,0,1,7,+11
Julius Randle,8:31,1,4,.250,0,1,.000,1,2,.500,1,1,2,1,0,0,0,3,3,+10
Marcus Morris,9:26,4,7,.571,3,4,.750,2,2,1.000,1,4,5,0,0,0,0,0,13,+13
LaMarcus Aldridge,8:31,2,3,.667,1,1,1.000,1,2,.500,1,3,4,0,0,0,1,0,6,-10
Derrick White,9:26,1,2,.500,0,1,.000,3,4,.750,0,1,1,3,0,0,1,1,5,-13
Josh Richardson,2:37,2,3,.667,1,1,1.000,2,2,1.000,0,0,0,0,0,0,0,1,7,+5
Shake Milton,6:17,0,2,.000,0,1,.000,2,2,1.000,0,0,0,0,0,0,1,1,2,-10
Duncan Robinson,12:00,0,1,.000,0,1,.000,2,2,1.000,0,0,0,0,0,1,0,0,2,+6
Larry Nance,7:20,2,3,.667,1,2,.500,0,2,.000,2,1,3,2,0,0,0,1,5,0
Collin Sexton,5:37,0,2,.000,0,1,.000,3,4,.750,0,1,1,0,1,0,1,2,3,-6
Jordan Clarkson,12:00,3,4,.750,3,3,1.000,5,7,.714,0,0,0,1,0,0,0,0,14,-1
Damian Lillard,7:54,5,9,.556,2,4,.500,4,4,1.000,2,2,4,0,0,0,0,0,16,0
Anfernee Simons,6:23,4,4,1.000,2,2,1.000,1,2,.500,0,0,0,0,1,0,0,2,11,-5
Ja Morant,12:00,4,6,.667,0,1,.000,1,1,1.000,0,0,0,0,3,0,2,1,9,0
Dillon Brooks,6:59,1,3,.333,1,2,.500,1,1,1.000,0,1,1,0,0,0,2,2,4,-3
Kentavious Caldwell-Pope,7:24,0,1,.000,0,1,.000,2,2,1.000,1,0,1,1,0,0,0,0,2,+1
Bojan BogdanoviÄ‡,8:33,0,3,.000,0,1,.000,4,6,.667,2,0,2,2,0,0,1,1,4,-3
Mike Conley,8:41,1,2,.500,1,2,.500,3,3,1.000,0,0,0,1,0,0,0,0,6,-2
Brandon Ingram,10:06,5,6,.833,3,4,.750,2,2,1.000,1,1,2,2,1,0,1,0,15,0
Jrue Holiday,11:22,5,11,.455,1,5,.200,1,1,1.000,0,1,1,0,2,2,0,3,12,+2
J.J. Redick,5:24,0,1,.000,0,1,.000,2,3,.667,0,1,1,1,0,0,0,0,2,+3
Tim Hardaway,10:12,1,4,.250,0,2,.000,2,2,1.000,1,0,1,2,1,0,0,1,4,+9
Luka DonÄiÄ‡,7:39,5,8,.625,1,4,.250,2,3,.667,0,1,1,2,2,1,0,0,13,+12
Maxi Kleber,10:12,1,1,1.000,1,1,1.000,2,2,1.000,0,1,1,1,0,0,0,1,5,+9
Marcus Morris,9:50,2,6,.333,2,2,1.000,1,2,.500,2,1,3,0,0,0,2,1,7,+8
Frank Ntilikina,12:00,1,3,.333,0,2,.000,1,1,1.000,0,2,2,2,0,0,0,1,3,+8
Garrett Temple,9:40,0,1,.000,0,1,.000,0,1,.000,0,0,0,0,0,0,0,2,0,-6
Joe Harris,7:47,2,3,.667,1,2,.500,2,2,1.000,0,0,0,0,0,0,1,1,7,-6
DÅ¾anan Musa,4:37,0,1,.000,0,1,.000,0,2,.000,0,0,0,0,0,0,1,0,0,-2
Bogdan BogdanoviÄ‡,5:58,1,1,1.000,1,1,1.000,3,4,.750,0,1,1,1,0,0,0,0,6,-1
Gary Harris,7:56,1,1,1.000,1,1,1.000,1,2,.500,0,0,0,0,0,0,0,0,4,+10
Monte Morris,7:40,4,4,1.000,1,1,1.000,1,3,.333,0,2,2,3,0,0,1,0,10,+6
Lou Williams,4:43,2,2,1.000,1,1,1.000,2,2,1.000,0,1,1,1,0,0,0,0,7,+10
Jerome Robinson,5:56,0,3,.000,0,3,.000,2,2,1.000,0,1,1,3,0,0,0,1,2,+10
Nickeil Alexander-Walker,3:27,0,2,.000,0,2,.000,2,4,.500,0,1,1,1,0,0,0,0,2,-7
Collin Sexton,7:48,2,4,.500,0,1,.000,2,3,.667,0,1,1,0,0,0,0,0,6,+4
Luke Kennard,6:32,2,3,.667,1,1,1.000,2,2,1.000,0,1,1,1,0,1,0,2,7,+2
Evan Fournier,12:00,1,5,.200,0,2,.000,4,4,1.000,0,0,0,0,0,0,0,0,6,-7
T.J. Warren,5:42,1,1,1.000,1,1,1.000,1,2,.500,0,1,1,0,0,0,1,0,4,0
Trae Young,7:24,1,7,.143,0,3,.000,5,6,.833,1,1,2,1,0,0,1,1,7,-11
Jabari Parker,7:27,1,3,.333,0,1,.000,2,2,1.000,2,2,4,1,1,0,0,2,4,-6
Cam Reddish,9:30,0,3,.000,0,3,.000,2,2,1.000,0,0,0,1,0,0,0,1,2,-2
Andrew Wiggins,10:17,2,7,.286,1,2,.500,2,2,1.000,0,1,1,1,1,0,1,1,7,+7
Keita Bates-Diop,5:55,3,3,1.000,1,1,1.000,1,1,1.000,1,2,3,0,0,1,0,0,8,+5
Jayson Tatum,9:48,1,4,.250,0,1,.000,5,5,1.000,0,1,1,1,0,0,1,2,7,+2
Harrison Barnes,12:00,1,2,.500,1,1,1.000,1,2,.500,0,0,0,0,0,0,0,1,4,-1
Bogdan BogdanoviÄ‡,9:15,1,8,.125,1,6,.167,1,2,.500,0,0,0,5,0,0,1,0,4,+4
Tyler Herro,11:49,1,3,.333,0,2,.000,2,2,1.000,0,1,1,1,0,0,0,1,4,+4
Terry Rozier,8:27,2,5,.400,0,2,.000,1,1,1.000,1,2,3,2,0,0,1,1,5,-7
Dwayne Bacon,12:00,0,5,.000,0,1,.000,1,2,.500,0,1,1,1,2,0,0,0,1,-1
Fred VanVleet,9:17,1,3,.333,1,2,.500,2,2,1.000,0,0,0,1,0,0,1,0,5,+5
Marc Gasol,11:03,0,4,.000,0,3,.000,0,2,.000,1,4,5,4,0,1,0,1,0,+6
Joel Embiid,9:47,0,3,.000,0,2,.000,0,1,.000,1,3,4,1,0,0,2,3,0,-7
Zach LaVine,4:11,1,2,.500,0,1,.000,1,1,1.000,0,0,0,0,0,0,1,1,3,-6
Coby White,7:49,1,4,.250,0,2,.000,1,2,.500,0,0,0,2,0,0,0,0,3,+3
Chandler Hutchison,7:49,2,2,1.000,1,1,1.000,1,3,.333,0,3,3,0,1,0,2,0,6,+3
CJ McCollum,6:18,2,4,.500,1,2,.500,1,1,1.000,0,1,1,0,0,0,0,0,6,+5
Giannis Antetokounmpo,6:58,4,9,.444,1,1,1.000,5,6,.833,4,2,6,0,0,0,0,0,14,+3
Donovan Mitchell,7:35,3,6,.500,1,3,.333,1,1,1.000,0,0,0,2,0,0,1,0,8,0
Emmanuel Mudiay,6:20,3,3,1.000,1,1,1.000,1,2,.500,0,2,2,0,0,0,0,2,8,+4
LeBron James,10:43,4,8,.500,3,5,.600,1,3,.333,0,2,2,5,0,0,0,1,12,+8
Anthony Davis,4:39,3,4,.750,1,2,.500,2,2,1.000,0,1,1,0,0,1,0,0,9,+3
Lou Williams,7:25,0,2,.000,0,1,.000,2,2,1.000,0,0,0,0,0,0,1,0,2,+11
Jerome Robinson,5:05,1,2,.500,0,1,.000,0,2,.000,0,2,2,1,0,0,0,1,2,-3
Patrick Patterson,3:00,0,1,.000,0,1,.000,0,2,.000,0,1,1,0,0,0,0,1,0,-9
Will Barton,7:01,1,2,.500,1,1,1.000,1,1,1.000,0,1,1,1,0,0,0,0,4,-5
Malik Beasley,12:00,2,4,.500,0,2,.000,2,2,1.000,0,2,2,1,1,0,1,1,6,-4
C.J. Miles,12:00,0,3,.000,0,2,.000,0,1,.000,0,0,0,1,0,0,0,0,0,+4
Marcus Smart,9:04,1,3,.333,1,2,.500,2,2,1.000,0,0,0,2,0,0,0,0,5,+12
Kemba Walker,6:36,3,6,.500,1,3,.333,2,2,1.000,1,3,4,0,0,0,1,1,9,+1
Spencer Dinwiddie,6:24,1,4,.250,0,2,.000,3,3,1.000,0,1,1,3,0,0,0,0,5,-1
PJ Washington,9:05,2,4,.500,0,2,.000,2,3,.667,0,3,3,0,0,2,0,0,6,-5
Cedi Osman,11:02,1,3,.333,1,2,.500,2,2,1.000,0,0,0,1,1,0,0,2,5,+4
Darius Garland,8:34,1,1,1.000,1,1,1.000,4,4,1.000,0,0,0,1,0,0,0,2,7,-2
Larry Nance,7:06,2,3,.667,1,2,.500,1,2,.500,1,2,3,0,1,0,0,0,6,+4
Evan Fournier,12:00,0,2,.000,0,1,.000,2,2,1.000,0,4,4,0,1,0,3,0,2,-2
Domantas Sabonis,9:50,4,8,.500,0,1,.000,1,2,.500,1,3,4,0,0,0,0,1,9,+11
Donovan Mitchell,9:02,4,7,.571,0,1,.000,2,2,1.000,0,0,0,0,0,0,0,1,10,-9
Joel Embiid,9:18,4,7,.571,1,2,.500,3,4,.750,1,4,5,1,0,1,0,0,12,+4
Matisse Thybulle,8:27,2,2,1.000,1,1,1.000,2,2,1.000,0,1,1,1,1,1,0,1,7,-5
Malcolm Miller,12:00,4,5,.800,4,5,.800,1,2,.500,0,0,0,1,0,0,1,0,13,+8
RJ Barrett,4:09,0,2,.000,0,1,.000,1,2,.500,0,1,1,1,0,0,0,0,1,-3
Damyean Dotson,7:51,1,3,.333,1,3,.333,2,2,1.000,0,1,1,1,0,0,1,0,5,-5
Kevin Knox,7:17,1,2,.500,1,2,.500,1,2,.500,0,0,0,0,0,0,0,0,4,-3
Allonzo Trier,7:04,3,4,.750,1,2,.500,3,3,1.000,0,2,2,1,0,0,1,1,10,0
James Harden,9:23,2,7,.286,2,5,.400,1,2,.500,0,1,1,3,0,0,0,0,7,-9
Danuel House,12:00,3,5,.600,2,4,.500,2,2,1.000,0,0,0,1,1,0,0,1,10,-14
Tyler Herro,12:00,4,7,.571,0,2,.000,1,2,.500,1,2,3,1,1,0,1,0,9,+14
Justise Winslow,12:00,2,3,.667,0,1,.000,2,2,1.000,0,2,2,2,0,0,0,3,6,+14
Kelly Olynyk,12:00,6,8,.750,1,1,1.000,3,3,1.000,3,2,5,0,0,0,2,2,16,+14
Jae Crowder,12:00,2,4,.500,2,3,.667,2,2,1.000,1,1,2,0,0,0,1,0,8,+2
Ja Morant,12:00,4,8,.500,1,1,1.000,5,5,1.000,1,1,2,2,2,0,0,0,14,+2
Jaren Jackson,7:56,0,2,.000,0,2,.000,1,2,.500,0,1,1,1,0,0,0,1,1,-7
Lou Williams,11:58,4,9,.444,1,2,.500,1,2,.500,0,1,1,5,1,0,1,1,10,-2
Eric Bledsoe,10:05,2,4,.500,0,1,.000,1,1,1.000,0,2,2,0,1,1,0,2,5,+10
Giannis Antetokounmpo,10:19,1,5,.200,0,1,.000,3,5,.600,1,3,4,1,0,1,2,2,5,+12
Donte DiVincenzo,10:09,2,3,.667,0,1,.000,2,2,1.000,0,3,3,1,0,0,0,0,6,+6
Khris Middleton,4:53,1,4,.250,1,2,.500,2,3,.667,0,1,1,1,1,0,0,0,5,+5
Derrick White,7:33,0,1,.000,0,1,.000,2,2,1.000,0,1,1,0,0,0,0,1,2,-4
Andrew Wiggins,8:08,2,3,.667,1,2,.500,3,4,.750,0,2,2,0,0,0,0,1,8,+7
Karl-Anthony Towns,7:51,2,4,.500,1,2,.500,3,3,1.000,0,3,3,2,0,0,1,1,8,+8
Devin Booker,7:51,2,5,.400,0,1,.000,2,2,1.000,0,1,1,1,0,0,0,0,6,+3
Ricky Rubio,6:01,1,3,.333,1,2,.500,2,2,1.000,1,0,1,2,0,0,0,1,5,+2
Cameron Johnson,10:59,2,4,.500,2,4,.500,2,2,1.000,1,2,3,0,1,1,1,0,8,+3
Tyler Johnson,12:00,2,5,.400,0,3,.000,4,6,.667,1,2,3,4,1,0,1,2,8,+5
Bradley Beal,8:00,0,3,.000,0,1,.000,6,6,1.000,0,1,1,0,0,0,1,0,6,-1
DÄvis BertÄns,12:00,2,2,1.000,1,1,1.000,2,2,1.000,1,2,3,1,0,1,1,2,7,-5
Brandon Ingram,12:00,0,7,.000,0,2,.000,6,6,1.000,0,2,2,0,0,0,1,1,6,-14
J.J. Redick,10:19,2,5,.400,2,4,.500,2,2,1.000,0,0,0,0,1,0,0,0,8,-8
Josh Hart,10:48,0,1,.000,0,1,.000,3,4,.750,1,1,2,0,0,0,0,2,3,-20
LeBron James,11:57,5,8,.625,1,2,.500,4,4,1.000,1,2,3,5,1,1,4,1,15,+14
Anfernee Simons,12:00,4,7,.571,1,2,.500,1,1,1.000,0,0,0,1,0,0,0,2,10,-10
Darius Bazley,10:25,0,1,.000,0,1,.000,1,2,.500,0,2,2,0,1,0,0,0,1,+13
Abdel Nader,9:15,6,7,.857,3,4,.750,4,4,1.000,0,0,0,1,0,0,0,0,19,+15
Deonte Burton,9:15,2,5,.400,0,1,.000,2,2,1.000,1,3,4,1,0,0,0,2,6,+15
Devon Hall,7:33,0,3,.000,0,2,.000,3,4,.750,0,1,1,2,0,0,0,0,3,+11
Mike Muscala,4:25,1,2,.500,1,1,1.000,2,2,1.000,1,2,3,0,0,0,0,1,5,+5
Draymond Green,7:31,1,1,1.000,1,1,1.000,1,2,.500,0,3,3,3,1,1,1,2,4,+11
Jordan Poole,5:54,0,2,.000,0,2,.000,2,3,.667,0,1,1,0,0,0,1,1,2,0
Garrett Temple,10:43,2,2,1.000,2,2,1.000,1,2,.500,0,0,0,3,1,1,0,1,7,-1
Marcus Smart,8:20,1,3,.333,1,2,.500,3,4,.750,1,0,1,0,0,1,0,1,6,+5
Blake Griffin,8:08,0,1,.000,0,1,.000,1,2,.500,0,2,2,0,0,0,2,0,1,-3
Langston Galloway,11:21,1,3,.333,1,3,.333,1,1,1.000,1,1,2,1,2,0,0,0,4,-3
Derrick Rose,7:05,3,4,.750,2,2,1.000,1,2,.500,0,0,0,1,0,0,0,0,9,-6
PJ Washington,9:25,3,4,.750,2,2,1.000,3,3,1.000,0,1,1,1,1,0,0,1,11,+7
Miles Bridges,5:47,0,1,.000,0,1,.000,2,2,1.000,0,0,0,0,0,0,0,1,2,-6
Evan Fournier,7:55,1,4,.250,0,2,.000,3,3,1.000,0,1,1,0,2,0,1,1,5,+3
Terrence Ross,12:00,2,5,.400,1,3,.333,0,1,.000,0,0,0,0,0,1,1,1,5,0
Norman Powell,10:32,2,2,1.000,1,1,1.000,2,2,1.000,0,0,0,1,0,0,2,0,7,-1
Cedi Osman,12:00,3,6,.500,1,2,.500,1,1,1.000,0,1,1,0,2,0,0,1,8,+1
Donte DiVincenzo,9:24,0,2,.000,0,1,.000,2,4,.500,1,1,2,0,1,0,0,2,2,+4
George Hill,8:31,0,2,.000,0,1,.000,2,2,1.000,1,0,1,0,0,0,0,0,2,+4
Joel Embiid,10:00,3,6,.500,0,1,.000,3,3,1.000,1,3,4,1,0,1,1,1,9,+9
James Ennis,8:30,1,1,1.000,1,1,1.000,7,7,1.000,0,0,0,2,0,0,0,0,10,+7
Trae Young,11:49,7,9,.778,3,4,.750,4,4,1.000,0,0,0,1,1,0,3,1,21,+7
DeAndre' Bembry,12:00,3,5,.600,0,1,.000,1,1,1.000,0,2,2,0,1,0,0,0,7,+7
Ja Morant,12:00,2,6,.333,1,3,.333,0,2,.000,0,1,1,2,0,0,0,0,5,-7
Jaren Jackson,7:56,1,3,.333,1,3,.333,2,2,1.000,0,0,0,0,0,2,0,2,5,-4
Bojan BogdanoviÄ‡,9:54,6,9,.667,2,4,.500,2,3,.667,0,3,3,2,0,0,1,0,16,+10
Eric Paschall,9:50,1,3,.333,1,1,1.000,5,6,.833,0,0,0,0,0,0,1,0,8,+1
Jordan Poole,9:10,1,2,.500,1,1,1.000,1,2,.500,0,0,0,1,0,0,0,0,4,+5
Omari Spellman,9:10,0,1,.000,0,1,.000,4,4,1.000,0,3,3,0,0,0,1,0,4,+5
Shai Gilgeous-Alexander,9:30,1,2,.500,0,1,.000,1,2,.500,0,0,0,3,2,0,0,0,3,+10
Josh Hart,8:38,1,2,.500,1,2,.500,1,2,.500,0,3,3,0,0,0,0,1,4,-6
Bryn Forbes,8:27,3,5,.600,2,3,.667,2,2,1.000,0,0,0,1,0,0,0,1,10,+2
Ricky Rubio,8:58,1,5,.200,1,2,.500,2,3,.667,0,1,1,2,0,0,0,3,5,-6
Dario Å ariÄ‡,7:30,0,1,.000,0,1,.000,2,2,1.000,1,3,4,1,0,0,1,2,2,-13
Luka DonÄiÄ‡,8:16,0,3,.000,0,3,.000,7,8,.875,0,2,2,0,1,0,1,2,7,+6
Tim Hardaway,8:16,2,2,1.000,1,1,1.000,2,2,1.000,0,2,2,0,0,0,0,1,7,+6
Seth Curry,12:00,1,3,.333,1,3,.333,5,5,1.000,0,1,1,1,0,0,0,1,8,+7
Carmelo Anthony,12:00,3,6,.500,1,1,1.000,2,3,.667,0,1,1,1,0,0,0,0,9,+1
Damian Lillard,7:26,3,6,.500,2,4,.500,2,2,1.000,0,0,0,1,0,0,0,0,10,-3
Zach LaVine,9:34,1,8,.125,1,3,.333,1,2,.500,1,2,3,3,0,0,0,0,4,0
Lauri Markkanen,7:26,1,4,.250,1,2,.500,2,2,1.000,2,2,4,0,0,0,0,2,5,+3
Coby White,4:34,1,4,.250,0,2,.000,1,1,1.000,0,2,2,0,0,0,0,0,3,-4
Alex Caruso,12:00,0,3,.000,0,2,.000,1,2,.500,0,3,3,2,1,0,0,0,1,-4
Jared Dudley,12:00,0,1,.000,0,1,.000,2,2,1.000,0,0,0,2,1,0,1,0,2,-4
Moritz Wagner,7:53,1,6,.167,0,2,.000,1,1,1.000,3,1,4,0,0,1,1,3,3,0
Nikola JokiÄ‡,6:31,0,5,.000,0,2,.000,1,2,.500,1,2,3,0,0,0,1,0,1,-12
Jerami Grant,12:00,1,2,.500,0,1,.000,2,2,1.000,0,2,2,0,0,0,0,0,4,-8
Tobias Harris,12:00,4,6,.667,1,1,1.000,5,6,.833,0,2,2,0,0,1,1,2,14,+3
Joel Embiid,9:17,1,5,.200,0,1,.000,8,8,1.000,0,2,2,0,2,0,1,1,10,+3
Malcolm Brogdon,8:44,1,2,.500,1,2,.500,2,2,1.000,0,0,0,1,0,0,1,1,5,-1
Austin Rivers,12:00,1,6,.167,0,3,.000,1,2,.500,2,2,4,4,0,0,0,3,3,-7
Trae Young,6:42,4,5,.800,2,3,.667,2,2,1.000,0,2,2,2,0,0,0,0,12,+7
De'Andre Hunter,10:17,4,5,.800,3,4,.750,1,1,1.000,0,1,1,0,0,0,0,1,12,+9
DeAndre' Bembry,5:18,0,1,.000,0,1,.000,3,4,.750,0,2,2,1,0,0,0,0,3,0
Frank Mason,10:02,1,4,.250,1,2,.500,1,2,.500,0,0,0,2,0,0,0,1,4,+12
Miles Bridges,12:00,3,10,.300,0,1,.000,4,4,1.000,2,1,3,0,0,0,1,0,10,-15
Willy HernangÃ³mez,8:53,2,3,.667,0,1,.000,1,2,.500,4,5,9,0,0,0,2,2,5,-6
Spencer Dinwiddie,8:16,1,7,.143,1,3,.333,2,2,1.000,0,2,2,0,0,0,1,3,5,-4
Jimmy Butler,6:48,1,3,.333,1,3,.333,5,6,.833,0,1,1,0,0,1,0,0,8,+4
Goran DragiÄ‡,11:49,2,4,.500,0,1,.000,1,1,1.000,0,0,0,2,0,0,0,1,5,+1
Justise Winslow,12:00,1,7,.143,1,4,.250,3,4,.750,0,2,2,0,0,0,0,0,6,+1
Karl-Anthony Towns,8:52,1,5,.200,1,3,.333,2,2,1.000,2,2,4,0,0,0,1,1,5,-2
Andrew Wiggins,10:36,1,7,.143,0,3,.000,2,2,1.000,0,3,3,2,0,0,1,1,4,+3
Dillon Brooks,12:00,4,6,.667,2,3,.667,2,2,1.000,0,0,0,1,0,0,1,2,12,+1
Bruno Caboclo,9:33,2,4,.500,0,2,.000,1,2,.500,0,1,1,0,1,0,1,2,5,+3
De'Anthony Melton,7:12,1,2,.500,1,2,.500,2,2,1.000,0,2,2,2,1,1,0,2,5,0
Marko Guduric,2:23,1,2,.500,0,1,.000,1,1,1.000,0,0,0,0,0,0,0,0,3,-6
Julius Randle,8:49,2,4,.500,0,1,.000,6,8,.750,1,0,1,0,0,0,1,0,10,-13
Bobby Portis,7:33,1,3,.333,0,2,.000,2,2,1.000,0,3,3,0,1,0,0,0,4,-7
Jayson Tatum,12:00,3,8,.375,2,4,.500,1,2,.500,0,2,2,1,0,1,0,2,9,+13
Kemba Walker,8:34,2,4,.500,1,2,.500,1,2,.500,0,4,4,3,0,0,1,0,6,+13
LeBron James,8:50,3,6,.500,0,1,.000,2,2,1.000,0,3,3,2,0,0,0,1,8,-4
Quinn Cook,3:10,0,1,.000,0,1,.000,2,2,1.000,0,0,0,0,0,0,0,0,2,+5
Christian Wood,12:00,4,6,.667,0,1,.000,2,2,1.000,1,3,4,1,1,1,2,1,10,+9
DeMarre Carroll,12:00,0,3,.000,0,1,.000,4,6,.667,0,1,1,1,0,0,0,1,4,-9
Brandon Ingram,12:00,2,5,.400,1,1,1.000,2,2,1.000,0,1,1,2,0,1,0,3,7,+2
E'Twaun Moore,5:05,0,2,.000,0,2,.000,1,2,.500,0,1,1,0,1,0,1,1,1,+6
Danilo Gallinari,6:14,1,1,1.000,1,1,1.000,1,2,.500,0,2,2,0,0,0,0,0,4,+5
Aaron Gordon,5:18,0,2,.000,0,1,.000,2,2,1.000,0,3,3,2,0,0,0,2,2,-1
Terrence Ross,11:54,2,7,.286,1,4,.250,0,1,.000,0,2,2,0,0,1,0,1,5,+1
Alec Burks,9:23,2,6,.333,1,3,.333,2,3,.667,0,2,2,0,0,0,0,0,7,-2
Ky Bowman,7:19,0,2,.000,0,1,.000,2,2,1.000,0,0,0,3,0,0,1,1,2,-2
Omari Spellman,5:38,2,3,.667,0,1,.000,1,1,1.000,0,3,3,0,0,0,0,1,5,+1
OG Anunoby,7:29,1,2,.500,0,1,.000,1,2,.500,0,0,0,0,1,0,0,0,3,0
Terence Davis,6:22,1,1,1.000,1,1,1.000,1,2,.500,1,1,2,1,0,0,0,0,4,-5
Jeff Green,5:26,1,4,.250,0,2,.000,2,2,1.000,1,1,2,0,0,0,1,0,4,-1
Georges Niang,12:00,0,2,.000,0,1,.000,1,2,.500,0,3,3,0,0,0,1,0,1,+1
Dante Exum,11:28,3,4,.750,1,1,1.000,2,2,1.000,1,1,2,0,0,0,3,1,9,+5
Paul George,4:37,0,1,.000,0,1,.000,2,2,1.000,0,1,1,0,0,0,0,1,2,+10
Jordan McRae,10:30,2,6,.333,0,1,.000,2,2,1.000,0,1,1,2,0,0,0,1,6,-2
Devonte' Graham,12:00,1,7,.143,0,2,.000,4,4,1.000,2,1,3,3,0,0,0,0,6,+2
Marvin Williams,11:26,3,5,.600,1,2,.500,4,4,1.000,0,1,1,2,1,0,0,0,11,+4
Devin Booker,9:11,1,3,.333,0,2,.000,4,4,1.000,1,2,3,1,0,1,1,0,6,+5
Kelly Oubre,10:00,2,5,.400,2,4,.500,2,2,1.000,0,2,2,0,0,1,0,1,8,+3
Ricky Rubio,12:00,1,5,.200,0,3,.000,2,2,1.000,0,0,0,5,0,0,0,0,4,-2
James Ennis,7:47,0,2,.000,0,2,.000,2,2,1.000,0,2,2,0,0,0,0,0,2,-7
Joe Ingles,10:28,3,6,.500,1,3,.333,1,2,.500,0,1,1,5,0,0,3,1,8,+6
Alec Burks,6:47,0,2,.000,0,1,.000,3,4,.750,0,1,1,0,0,0,1,1,3,+1
Jaren Jackson,9:55,2,4,.500,0,1,.000,2,2,1.000,0,0,0,1,0,1,1,2,6,+1
Jae Crowder,3:56,1,2,.500,0,1,.000,1,1,1.000,0,1,1,0,0,0,0,0,3,-3
Malcolm Brogdon,7:34,1,2,.500,1,1,1.000,2,3,.667,0,1,1,0,0,0,0,1,5,+1
Myles Turner,4:53,0,1,.000,0,1,.000,2,2,1.000,1,0,1,1,1,1,0,0,2,+2
Ignas Brazdeikis,12:00,2,6,.333,1,4,.250,1,2,.500,0,1,1,0,0,0,0,0,6,-6
Buddy Hield,12:00,5,10,.500,1,6,.167,3,3,1.000,0,2,2,1,1,0,0,2,14,+3
Zach LaVine,7:59,2,3,.667,2,2,1.000,4,4,1.000,0,0,0,0,0,0,1,0,10,-2
TomÃ¡Å¡ SatoranskÃ½,12:00,1,3,.333,0,1,.000,4,4,1.000,1,0,1,3,0,0,2,1,6,-3
Lauri Markkanen,7:59,1,3,.333,1,3,.333,4,4,1.000,0,1,1,0,0,0,1,1,7,-2
Bradley Beal,10:23,2,5,.400,0,2,.000,2,3,.667,0,1,1,1,1,0,2,3,6,-3
Isaiah Thomas,9:03,3,5,.600,1,2,.500,2,2,1.000,1,0,1,2,0,0,0,2,9,+7
Jordan McRae,9:47,3,4,.750,2,3,.667,0,1,.000,0,1,1,2,1,0,0,0,8,+6
Evan Fournier,10:51,3,6,.500,2,2,1.000,1,2,.500,0,1,1,2,0,0,0,1,9,-7
Aaron Gordon,6:25,0,2,.000,0,1,.000,1,2,.500,0,3,3,0,0,0,0,0,1,-1
D.J. Augustin,12:00,4,5,.800,2,3,.667,6,7,.857,1,1,2,0,0,0,1,1,16,-2
Jrue Holiday,8:30,1,4,.250,0,1,.000,0,2,.000,0,0,0,0,0,1,1,0,2,-8
Delon Wright,12:00,1,3,.333,1,1,1.000,2,2,1.000,1,1,2,4,0,1,1,0,5,+12
Maxi Kleber,8:30,2,2,1.000,2,2,1.000,2,2,1.000,1,0,1,0,0,1,0,0,8,+8
Kyle Lowry,12:00,2,5,.400,0,1,.000,6,6,1.000,1,1,2,5,0,1,1,1,10,+2
Serge Ibaka,6:48,1,3,.333,0,1,.000,1,2,.500,0,1,1,0,0,0,0,2,3,-5
Jimmy Butler,6:15,0,1,.000,0,1,.000,1,2,.500,0,3,3,1,0,0,1,0,1,-6
Kendrick Nunn,10:48,0,5,.000,0,2,.000,1,2,.500,1,1,2,2,0,1,0,0,1,-1
Kelly Olynyk,11:31,3,4,.750,2,2,1.000,1,2,.500,0,1,1,1,1,0,0,1,9,-2
Derrick Jones,4:21,1,2,.500,0,1,.000,1,1,1.000,0,0,0,0,1,1,0,0,3,+1
Lonnie Walker,12:00,7,8,.875,3,4,.750,2,2,1.000,0,0,0,0,2,0,1,2,19,+16
James Harden,12:00,3,9,.333,2,7,.286,2,2,1.000,0,1,1,0,1,0,2,2,10,-16
Russell Westbrook,12:00,1,6,.167,0,2,.000,2,2,1.000,1,0,1,1,1,0,3,0,4,-16
Nikola JokiÄ‡,9:07,2,7,.286,0,1,.000,2,2,1.000,1,2,3,1,0,0,0,3,6,-1
LeBron James,11:19,2,5,.400,0,2,.000,2,2,1.000,1,0,1,2,0,0,1,2,6,+3
Devonte' Graham,12:00,3,7,.429,3,6,.500,1,1,1.000,0,1,1,2,0,0,2,2,10,+5
Malik Monk,4:46,1,3,.333,0,1,.000,1,1,1.000,1,1,2,3,1,0,0,0,3,+9
Markieff Morris,3:51,1,1,1.000,1,1,1.000,2,2,1.000,1,1,2,0,0,0,0,1,5,-1
Christian Wood,5:41,2,4,.500,0,1,.000,1,1,1.000,0,0,0,1,0,0,0,0,5,-2
Giannis Antetokounmpo,3:35,1,1,1.000,1,1,1.000,2,2,1.000,0,1,1,0,0,0,0,0,5,+5
Kyle Korver,12:00,1,2,.500,1,2,.500,3,3,1.000,0,1,1,1,0,0,1,3,6,+4
D.J. Augustin,9:25,0,2,.000,0,2,.000,2,2,1.000,1,0,1,3,1,0,2,1,2,+4
Mikal Bridges,12:00,2,3,.667,2,3,.667,1,2,.500,0,1,1,0,0,0,1,1,7,+3
Elie Okobo,4:48,1,2,.500,0,1,.000,2,2,1.000,0,0,0,2,0,0,0,0,4,+8
Trae Young,9:40,4,7,.571,1,2,.500,5,5,1.000,0,0,0,3,1,0,2,0,14,+3
Cam Reddish,11:48,5,7,.714,1,2,.500,1,2,.500,1,1,2,0,1,0,0,0,12,-1
Spencer Dinwiddie,8:49,3,4,.750,0,1,.000,0,2,.000,0,0,0,4,0,0,2,1,6,+4
Garrett Temple,12:00,4,4,1.000,2,2,1.000,1,1,1.000,0,1,1,2,0,0,2,3,11,+3
Jaylen Brown,7:09,2,2,1.000,1,1,1.000,2,2,1.000,0,0,0,1,1,0,1,1,7,+5
Carsen Edwards,9:36,1,2,.500,1,2,.500,2,2,1.000,0,0,0,0,0,0,1,1,5,0
Jimmy Butler,7:25,3,5,.600,2,4,.500,3,4,.750,0,0,0,0,1,0,0,0,11,-5
Kelly Olynyk,12:00,2,4,.500,1,3,.333,3,3,1.000,1,1,2,0,0,0,0,1,8,-6
Zach LaVine,9:40,2,4,.500,1,1,1.000,4,5,.800,0,1,1,2,0,0,1,0,9,-1
Lauri Markkanen,7:31,1,2,.500,1,2,.500,1,2,.500,1,0,1,0,0,0,0,1,4,-1
Shai Gilgeous-Alexander,10:10,3,5,.600,1,1,1.000,1,1,1.000,0,1,1,0,0,0,1,0,8,-5
T.J. Warren,7:27,1,4,.250,0,1,.000,4,4,1.000,1,1,2,1,0,0,0,2,6,+4
Domantas Sabonis,8:56,1,2,.500,0,1,.000,3,4,.750,2,3,5,1,1,0,1,3,5,0
Malcolm Brogdon,7:27,0,3,.000,0,1,.000,1,2,.500,0,1,1,0,1,0,0,0,1,+4
Doug McDermott,7:21,3,5,.600,1,1,1.000,2,2,1.000,1,0,1,0,0,0,0,0,9,+1
Luka DonÄiÄ‡,4:59,1,3,.333,1,2,.500,4,5,.800,0,0,0,0,0,0,0,0,7,+2
Andrew Wiggins,8:09,3,6,.500,1,2,.500,3,4,.750,1,1,2,1,0,3,2,1,10,-3
Bojan BogdanoviÄ‡,7:13,1,2,.500,1,2,.500,3,3,1.000,0,1,1,0,0,0,0,1,6,+4
Kyle Kuzma,11:07,2,4,.500,1,2,.500,0,2,.000,0,1,1,0,2,3,1,0,5,+8
Dwight Howard,8:09,1,1,1.000,1,1,1.000,0,4,.000,0,1,1,1,0,2,0,0,3,0
Damian Lillard,8:20,3,3,1.000,2,2,1.000,0,1,.000,0,1,1,2,1,0,2,1,8,+6
Cory Joseph,6:44,0,2,.000,0,1,.000,2,2,1.000,0,0,0,0,0,0,0,1,2,-3
Tobias Harris,12:00,3,8,.375,1,2,.500,4,4,1.000,1,2,3,0,0,0,0,0,11,+4
Joel Embiid,12:00,2,2,1.000,1,1,1.000,2,2,1.000,1,6,7,0,0,1,3,1,7,+4
Allonzo Trier,6:28,2,3,.667,0,1,.000,2,2,1.000,0,2,2,0,0,0,1,1,6,-3
Monte Morris,12:00,2,4,.500,1,3,.333,2,2,1.000,0,1,1,5,2,0,0,2,7,+14
Malik Beasley,9:30,0,3,.000,0,3,.000,1,2,.500,0,1,1,1,0,0,0,0,1,+10
Fred VanVleet,6:31,0,2,.000,0,1,.000,2,2,1.000,0,2,2,0,1,0,1,3,2,0
Norman Powell,12:00,1,4,.250,0,1,.000,6,8,.750,0,1,1,0,1,0,1,0,8,-4
James Harden,9:30,2,4,.500,1,3,.333,1,1,1.000,0,2,2,0,1,1,2,3,6,+7
Russell Westbrook,12:00,3,11,.273,0,3,.000,4,4,1.000,2,4,6,2,1,0,3,2,10,+4
Lonzo Ball,12:00,3,3,1.000,2,2,1.000,2,2,1.000,0,2,2,3,0,1,0,1,10,+16
J.J. Redick,7:31,1,1,1.000,1,1,1.000,3,4,.750,0,1,1,0,0,0,1,0,6,+10
Brandon Ingram,9:47,1,3,.333,1,1,1.000,4,4,1.000,0,2,2,0,0,0,1,1,7,+10
Devonte' Graham,9:06,3,6,.500,2,4,.500,2,3,.667,0,0,0,1,0,0,2,0,10,0
Spencer Dinwiddie,6:22,0,3,.000,0,2,.000,1,2,.500,0,0,0,2,0,0,0,0,1,-5
David Nwaba,5:38,1,3,.333,0,1,.000,1,2,.500,1,1,2,0,0,0,0,0,3,+10
Theo Pinson,5:38,1,3,.333,0,1,.000,1,1,1.000,1,2,3,0,1,0,1,1,3,+10
Aaron Gordon,7:12,2,4,.500,0,1,.000,1,1,1.000,0,2,2,1,1,1,1,1,5,+4
Terrence Ross,6:27,3,4,.750,2,3,.667,2,2,1.000,0,1,1,0,0,0,1,0,10,+5
D.J. Augustin,8:14,0,3,.000,0,2,.000,1,2,.500,0,1,1,2,0,0,1,0,1,+4
Blake Griffin,7:28,1,3,.333,1,1,1.000,1,2,.500,0,0,0,0,0,0,0,0,4,+5
Myles Turner,7:28,1,2,.500,0,1,.000,1,1,1.000,0,0,0,1,1,0,0,1,3,-5
Domantas Sabonis,9:07,2,5,.400,0,1,.000,1,2,.500,1,2,3,2,0,1,0,2,5,-11
Malcolm Brogdon,9:12,1,3,.333,0,1,.000,1,2,.500,0,0,0,2,0,0,2,1,3,-8
Nikola JokiÄ‡,5:26,3,3,1.000,1,1,1.000,1,1,1.000,1,2,3,2,1,1,1,1,8,+5
Zach LaVine,8:32,0,5,.000,0,2,.000,1,2,.500,0,2,2,0,0,0,1,2,1,-6
D'Angelo Russell,7:50,0,4,.000,0,4,.000,1,2,.500,0,2,2,1,0,0,0,0,1,+5
Danilo Gallinari,6:50,1,3,.333,0,1,.000,3,3,1.000,0,1,1,1,1,0,0,0,5,-1
Karl-Anthony Towns,7:22,3,3,1.000,2,2,1.000,1,2,.500,0,1,1,1,0,1,0,1,9,+2
Sterling Brown,8:56,1,2,.500,1,1,1.000,0,2,.000,0,1,1,1,2,0,1,1,3,-8
Derrick Walton,9:25,0,2,.000,0,1,.000,3,3,1.000,1,0,1,1,1,0,0,0,3,+6
Mfiondu Kabengele,9:25,2,7,.286,0,3,.000,1,1,1.000,0,2,2,0,1,0,0,0,5,+6
Damian Lillard,8:16,1,3,.333,0,2,.000,2,4,.500,0,1,1,2,0,0,2,0,4,-2
Carmelo Anthony,7:08,0,2,.000,0,1,.000,3,4,.750,0,1,1,0,0,0,0,2,3,-5
Mario Hezonja,7:51,0,1,.000,0,1,.000,2,2,1.000,0,0,0,0,0,0,1,2,2,-6
Anfernee Simons,4:52,1,4,.250,0,3,.000,2,2,1.000,0,1,1,0,0,0,0,0,4,-1
Justin Jackson,10:17,1,3,.333,0,2,.000,1,2,.500,0,1,1,0,1,0,0,0,3,+3
Seth Curry,8:29,1,2,.500,0,1,.000,3,3,1.000,0,0,0,1,0,1,1,1,5,+5
Nickeil Alexander-Walker,12:00,2,6,.333,0,2,.000,1,2,.500,1,2,3,2,1,0,2,0,5,-8
Frank Jackson,12:00,2,6,.333,0,1,.000,2,2,1.000,0,1,1,1,0,0,1,2,6,-8
RJ Barrett,12:00,0,2,.000,0,1,.000,1,2,.500,0,1,1,0,1,0,0,1,1,+7
Jeremy Lamb,8:22,1,3,.333,0,1,.000,1,1,1.000,0,0,0,0,0,0,0,0,3,-3
Trey Burke,12:00,4,5,.800,0,1,.000,2,3,.667,0,0,0,3,0,0,0,0,10,+1
Shake Milton,12:00,2,6,.333,0,2,.000,1,2,.500,0,1,1,3,0,0,0,0,5,+1
James Harden,9:48,3,8,.375,2,7,.286,10,12,.833,0,1,1,0,3,0,0,1,18,+2
Russell Westbrook,8:23,4,7,.571,0,1,.000,2,2,1.000,0,0,0,2,0,0,0,0,10,-5
Kelly Oubre,12:00,1,5,.200,0,1,.000,1,2,.500,0,2,2,0,0,0,0,1,3,-1
Ricky Rubio,11:13,2,6,.333,0,2,.000,0,1,.000,0,2,2,5,0,0,2,1,4,+2
Emmanuel Mudiay,7:36,1,2,.500,1,1,1.000,2,2,1.000,0,1,1,3,0,0,1,2,5,+2
Jaren Jackson,6:05,1,4,.250,0,1,.000,2,2,1.000,0,1,1,1,0,0,1,2,4,-10
Dillon Brooks,4:18,1,2,.500,0,1,.000,2,4,.500,0,1,1,0,1,0,0,1,4,-5
Marko Guduric,7:04,1,2,.500,0,1,.000,1,3,.333,0,2,2,1,1,0,0,0,3,+9
Taurean Waller-Prince,7:57,2,3,.667,1,2,.500,2,2,1.000,0,6,6,0,0,0,0,1,7,+3
PJ Washington,3:18,0,1,.000,0,1,.000,6,6,1.000,0,1,1,0,0,0,0,0,6,-2
Trae Young,8:21,5,7,.714,1,3,.333,3,3,1.000,0,1,1,3,0,0,0,2,14,+15
De'Andre Hunter,5:59,2,2,1.000,1,1,1.000,1,1,1.000,0,1,1,1,0,0,1,1,6,+9
Jimmy Butler,9:43,0,3,.000,0,3,.000,8,9,.889,0,2,2,2,0,0,2,2,8,+5
Zach LaVine,8:55,0,2,.000,0,1,.000,5,6,.833,0,2,2,0,0,0,1,3,5,-4
Lauri Markkanen,6:37,1,3,.333,0,2,.000,2,2,1.000,0,0,0,2,1,0,0,1,4,0
Matisse Thybulle,9:22,2,3,.667,2,3,.667,2,2,1.000,0,1,1,0,0,0,3,1,8,-9
James Ennis,3:40,0,1,.000,0,1,.000,2,2,1.000,0,0,0,1,0,0,0,1,2,-3
Kyle Lowry,8:01,1,3,.333,0,2,.000,7,7,1.000,1,1,2,1,1,0,1,0,9,+13
Pascal Siakam,8:01,4,6,.667,0,1,.000,2,3,.667,1,2,3,0,1,0,0,0,10,+13
Bradley Beal,6:38,2,4,.500,1,1,1.000,1,1,1.000,0,0,0,1,0,0,1,0,6,-9
Troy Brown,9:54,1,2,.500,0,1,.000,2,2,1.000,0,0,0,2,2,0,0,0,4,-7
DÄvis BertÄns,9:46,1,4,.250,1,4,.250,2,3,.667,1,1,2,0,0,0,0,2,5,-11
Bogdan BogdanoviÄ‡,9:31,1,3,.333,1,2,.500,2,2,1.000,1,0,1,2,0,0,0,1,5,-5
Trevor Ariza,7:43,0,1,.000,0,1,.000,2,2,1.000,0,1,1,0,0,0,0,0,2,-7
CJ McCollum,8:57,2,6,.333,0,1,.000,1,2,.500,0,1,1,0,0,0,0,3,5,-8
Shai Gilgeous-Alexander,11:20,4,6,.667,1,2,.500,5,8,.625,0,3,3,0,0,0,0,1,14,+7
Danilo Gallinari,6:24,1,2,.500,1,2,.500,2,2,1.000,0,1,1,0,0,0,0,0,5,+5
Dwight Howard,12:00,1,2,.500,0,1,.000,2,2,1.000,0,2,2,0,0,0,1,0,4,+10
Josh Okogie,7:21,1,2,.500,1,2,.500,2,2,1.000,0,1,1,0,0,0,0,2,5,-8
Domantas Sabonis,12:00,3,6,.500,0,2,.000,1,2,.500,2,5,7,0,0,0,0,0,7,+7
T.J. Warren,6:36,1,2,.500,0,1,.000,3,3,1.000,0,4,4,0,0,0,0,1,5,+7
Paul George,7:10,0,2,.000,0,2,.000,2,4,.500,0,1,1,1,0,1,0,0,2,-5
Kevin Porter,9:11,3,5,.600,0,1,.000,1,2,.500,0,1,1,0,0,1,0,0,7,-8
Kyle Lowry,8:13,1,4,.250,0,1,.000,3,3,1.000,0,0,0,1,0,0,0,1,5,+7
James Harden,7:57,1,3,.333,0,2,.000,2,2,1.000,0,2,2,5,0,0,3,1,4,+3
Russell Westbrook,8:59,5,6,.833,1,2,.500,1,2,.500,0,0,0,2,0,0,2,2,12,-3
Harrison Barnes,7:55,1,4,.250,1,2,.500,1,2,.500,2,1,3,0,1,0,0,0,4,+2
Giannis Antetokounmpo,8:49,2,4,.500,0,1,.000,2,4,.500,0,3,3,2,0,1,1,1,6,-2
Aaron Gordon,10:08,0,1,.000,0,1,.000,1,2,.500,0,2,2,1,1,0,0,0,1,-4
Evan Fournier,7:24,1,3,.333,1,2,.500,4,5,.800,0,0,0,0,0,0,0,1,7,-2
Terrence Ross,9:07,2,5,.400,1,2,.500,0,1,.000,0,1,1,0,0,0,1,1,5,+1
Derrick Rose,9:21,7,8,.875,1,2,.500,2,2,1.000,1,0,1,1,0,0,0,0,17,-4
Dario Å ariÄ‡,7:55,1,3,.333,0,2,.000,2,3,.667,0,1,1,1,1,0,1,0,4,+6
Andrew Wiggins,10:35,2,5,.400,0,1,.000,4,4,1.000,1,0,1,0,0,0,0,1,8,-11
Jarrett Culver,4:24,1,2,.500,0,1,.000,1,1,1.000,1,3,4,0,0,0,0,1,3,-1
Luguentz Dort,10:50,2,3,.667,0,1,.000,3,3,1.000,0,0,0,0,0,0,1,1,7,-1
Alec Burks,12:00,1,5,.200,0,2,.000,2,2,1.000,2,3,5,2,2,0,1,2,4,+1
Ja Morant,8:59,5,6,.833,0,1,.000,3,4,.750,0,0,0,1,0,0,0,0,13,+1
Jaren Jackson,8:59,2,4,.500,0,2,.000,1,2,.500,0,2,2,0,0,1,2,1,5,+1
Terry Rozier,12:00,1,5,.200,0,2,.000,3,4,.750,1,2,3,1,1,0,0,0,5,0
Devonte' Graham,8:33,4,6,.667,2,2,1.000,4,4,1.000,0,0,0,1,0,0,0,2,14,+13
Bradley Beal,8:16,1,5,.200,0,3,.000,1,1,1.000,1,0,1,2,0,0,0,1,3,-9
Rui Hachimura,6:37,1,4,.250,0,1,.000,2,2,1.000,2,2,4,1,0,0,0,2,4,-8
DÄvis BertÄns,12:00,4,8,.500,3,5,.600,1,1,1.000,1,2,3,0,0,1,0,2,12,0
Ian Mahinmi,5:27,0,1,.000,0,1,.000,2,2,1.000,0,0,0,0,1,1,1,1,2,+4
Jimmy Butler,10:45,2,10,.200,1,3,.333,2,5,.400,1,5,6,3,0,0,1,0,7,+8
Joel Embiid,8:11,1,5,.200,0,1,.000,2,2,1.000,0,4,4,1,1,0,1,0,4,-4
Will Barton,12:00,3,5,.600,0,1,.000,2,3,.667,0,3,3,1,0,0,1,1,8,+2
Carmelo Anthony,3:51,2,2,1.000,2,2,1.000,1,2,.500,0,0,0,0,0,0,0,0,7,+3
Anfernee Simons,12:00,0,2,.000,0,1,.000,2,2,1.000,0,2,2,3,0,0,0,2,2,+1
Nassir Little,8:09,2,5,.400,0,1,.000,2,2,1.000,1,1,2,3,1,0,0,1,6,-2
Allonzo Trier,10:01,3,6,.500,2,3,.667,3,5,.600,0,0,0,2,0,0,1,0,11,+1
James Harden,12:00,7,8,.875,4,4,1.000,2,2,1.000,0,0,0,1,0,1,2,1,20,0
Jayson Tatum,12:00,0,2,.000,0,2,.000,4,4,1.000,0,1,1,1,0,0,3,0,4,-15
Jonathan Isaac,8:07,5,6,.833,1,1,1.000,1,1,1.000,0,3,3,0,0,0,0,1,12,-1
Mo Bamba,7:39,0,3,.000,0,2,.000,2,2,1.000,0,1,1,0,0,1,1,0,2,-6
LeBron James,11:20,3,8,.375,1,2,.500,0,2,.000,0,2,2,4,0,0,0,1,7,+7
Anthony Davis,7:06,0,1,.000,0,1,.000,2,2,1.000,0,2,2,1,0,0,0,0,2,+2
Terence Davis,6:55,1,3,.333,0,1,.000,2,2,1.000,0,1,1,1,0,0,0,1,4,-2
Paul George,6:32,1,3,.333,1,3,.333,2,2,1.000,0,2,2,1,1,1,2,1,5,+4
Kawhi Leonard,3:53,2,3,.667,0,1,.000,1,1,1.000,0,0,0,1,0,0,0,0,5,+3
Patrick Patterson,12:00,1,4,.250,1,2,.500,4,4,1.000,2,2,4,0,0,0,0,0,7,+3
Spencer Dinwiddie,7:59,4,7,.571,1,4,.250,3,4,.750,0,2,2,1,0,0,0,2,12,-6
Devonte' Graham,9:33,4,5,.800,3,4,.750,2,2,1.000,0,1,1,2,0,0,1,0,13,+7
Miles Bridges,7:55,0,3,.000,0,2,.000,2,4,.500,0,2,2,0,0,0,0,1,2,+3
Terry Rozier,12:00,1,2,.500,0,1,.000,2,2,1.000,0,2,2,0,0,0,0,1,4,+7
Lauri Markkanen,4:09,4,4,1.000,1,1,1.000,1,1,1.000,1,0,1,0,0,1,0,2,10,+12
Coby White,7:01,3,6,.500,0,1,.000,2,3,.667,0,1,1,2,0,0,0,0,8,+14
Denzel Valentine,12:00,0,3,.000,0,2,.000,2,2,1.000,0,1,1,3,4,1,1,0,2,+15
Cam Reddish,9:54,0,5,.000,0,4,.000,4,6,.667,0,2,2,0,0,0,2,1,4,-14
Karl-Anthony Towns,10:30,0,1,.000,0,1,.000,5,6,.833,1,1,2,1,0,0,2,2,5,+6
Josh Okogie,9:21,2,4,.500,2,2,1.000,2,2,1.000,1,2,3,0,0,0,0,2,8,+9
Robert Covington,7:22,0,2,.000,0,2,.000,1,2,.500,1,1,2,2,1,0,0,2,1,+1
Jarrett Culver,2:39,0,2,.000,0,1,.000,0,2,.000,2,1,3,0,0,0,0,0,0,-6
Donovan Mitchell,10:34,3,6,.500,0,1,.000,2,2,1.000,1,2,3,2,0,1,0,1,8,-6
Bojan BogdanoviÄ‡,7:55,0,1,.000,0,1,.000,2,2,1.000,0,0,0,0,0,0,2,1,2,-6
Kelly Oubre,12:00,1,2,.500,0,1,.000,2,2,1.000,0,3,3,0,0,1,0,2,4,-2
Ricky Rubio,12:00,1,4,.250,1,3,.333,2,2,1.000,0,0,0,2,0,0,1,0,5,-2
Frank Kaminsky,5:56,2,2,1.000,1,1,1.000,2,3,.667,0,2,2,1,0,0,0,1,7,+2
Cameron Johnson,6:32,0,1,.000,0,1,.000,1,2,.500,1,1,2,0,0,0,0,1,1,-2
Aron Baynes,6:03,3,7,.429,0,2,.000,2,3,.667,2,0,2,0,0,0,0,3,8,-4
Jaren Jackson,6:39,3,5,.600,0,1,.000,1,2,.500,0,0,0,0,0,0,0,2,7,+2
Dillon Brooks,7:10,1,4,.250,0,2,.000,6,6,1.000,0,0,0,1,1,0,1,0,8,+3
Khris Middleton,7:45,4,7,.571,0,2,.000,1,1,1.000,0,1,1,0,1,0,1,0,9,+2
Jrue Holiday,10:48,2,3,.667,1,2,.500,1,1,1.000,0,2,2,2,0,1,2,0,6,+6
J.J. Redick,4:49,1,3,.333,0,1,.000,3,3,1.000,1,0,1,1,0,0,0,0,5,+7
Alec Burks,8:34,4,6,.667,1,3,.333,3,3,1.000,0,0,0,1,1,0,0,2,12,+9
RJ Barrett,11:53,1,5,.200,1,2,.500,1,2,.500,0,2,2,0,0,1,0,3,4,-4
Marcus Morris,9:45,3,6,.500,1,2,.500,2,2,1.000,0,1,1,2,1,0,0,0,9,-4
Kemba Walker,8:59,0,4,.000,0,3,.000,3,3,1.000,0,0,0,3,0,0,0,1,3,-2
Joel Embiid,9:50,4,5,.800,1,1,1.000,7,8,.875,1,3,4,2,0,1,0,0,16,+3
Josh Richardson,8:18,2,5,.400,1,1,1.000,2,2,1.000,0,1,1,0,2,0,1,1,7,-3
Kevin Love,9:42,2,4,.500,1,3,.333,2,3,.667,0,3,3,0,0,0,1,1,7,-2
Collin Sexton,7:39,2,4,.500,0,1,.000,2,2,1.000,0,0,0,0,0,0,0,1,6,-3
Jordan Clarkson,12:00,4,9,.444,1,6,.167,1,1,1.000,0,0,0,1,0,0,1,1,10,-10
Blake Griffin,5:45,0,2,.000,0,2,.000,2,2,1.000,0,1,1,2,0,0,0,2,2,0
Markieff Morris,4:36,2,3,.667,0,1,.000,1,3,.333,0,0,0,0,0,0,0,1,5,-7
Kristaps PorziÅ†Ä£is,7:12,2,4,.500,0,1,.000,2,2,1.000,0,3,3,0,0,0,0,3,6,-1
Seth Curry,11:59,2,3,.667,1,2,.500,2,3,.667,1,3,4,1,1,0,2,0,7,+3
Nikola JokiÄ‡,6:36,2,2,1.000,1,1,1.000,2,2,1.000,0,2,2,0,0,0,0,1,7,0
Jerami Grant,11:11,1,4,.250,1,2,.500,1,2,.500,0,2,2,0,2,0,0,1,4,+3
CJ McCollum,11:00,2,4,.500,1,2,.500,0,1,.000,0,1,1,0,0,0,1,0,5,-1
Kent Bazemore,6:36,0,2,.000,0,2,.000,2,2,1.000,0,0,0,0,0,0,0,1,2,0
Jimmy Butler,8:09,1,5,.200,0,3,.000,1,2,.500,0,0,0,2,0,0,0,1,3,+6
Kelly Olynyk,6:58,2,5,.400,1,3,.333,2,2,1.000,1,2,3,0,0,0,1,2,7,0
Anthony Davis,6:59,2,5,.400,1,4,.250,1,2,.500,0,2,2,0,0,1,1,0,6,-2
Kentavious Caldwell-Pope,5:02,1,2,.500,1,2,.500,2,4,.500,2,0,2,0,0,0,0,0,5,0
Terrence Ross,7:44,2,4,.500,2,4,.500,3,3,1.000,0,0,0,0,0,0,0,1,9,-3
Michael Carter-Williams,9:12,1,3,.333,0,1,.000,3,4,.750,2,1,3,2,0,0,0,1,5,+2
James Harden,6:16,6,9,.667,3,4,.750,1,1,1.000,1,0,1,3,2,0,0,2,16,+7
Gary Clark,5:24,1,3,.333,0,2,.000,1,1,1.000,0,2,2,0,0,0,0,0,3,0
Josh Richardson,9:05,1,4,.250,0,1,.000,0,2,.000,1,2,3,0,0,0,0,0,2,-1
Jrue Holiday,9:13,0,5,.000,0,2,.000,2,3,.667,0,1,1,1,0,1,2,0,2,+2
J.J. Redick,7:09,0,2,.000,0,1,.000,2,2,1.000,0,1,1,0,0,0,0,2,2,+6
De'Andre Hunter,11:00,0,4,.000,0,1,.000,4,4,1.000,0,0,0,0,1,0,0,1,4,-9
Malcolm Brogdon,7:07,1,6,.167,0,1,.000,3,4,.750,1,3,4,2,0,0,0,0,5,+2
Doug McDermott,10:42,2,2,1.000,2,2,1.000,1,1,1.000,0,0,0,1,0,0,0,0,7,+5
Ryan Arcidiacono,12:00,3,6,.500,2,4,.500,2,2,1.000,1,1,2,1,1,0,0,1,10,-1
Terry Rozier,12:00,2,4,.500,1,1,1.000,0,1,.000,0,1,1,3,1,0,1,1,5,+1
Jae Crowder,6:46,0,1,.000,0,1,.000,2,2,1.000,0,3,3,1,0,1,0,1,2,-12
Jaren Jackson,6:46,3,3,1.000,1,1,1.000,1,2,.500,0,0,0,0,0,1,1,2,8,-12
Giannis Antetokounmpo,8:36,5,10,.500,2,2,1.000,5,8,.625,2,1,3,0,1,0,0,0,17,+17
Bojan BogdanoviÄ‡,9:57,2,6,.333,2,3,.667,4,5,.800,0,1,1,0,0,0,0,0,10,+9
Donovan Mitchell,7:54,2,5,.400,2,5,.400,3,4,.750,0,2,2,1,0,0,0,0,9,+7
Jeff Green,4:08,0,2,.000,0,1,.000,2,2,1.000,0,0,0,0,0,0,1,1,2,-4
Jacob Evans,10:42,1,3,.333,1,1,1.000,4,4,1.000,0,1,1,0,0,0,0,2,7,-3
Karl-Anthony Towns,11:51,5,8,.625,3,5,.600,5,6,.833,1,2,3,1,2,0,1,0,18,+17
Josh Okogie,12:00,1,2,.500,0,1,.000,1,2,.500,0,3,3,1,0,0,1,2,3,+14
Jeff Teague,12:00,1,2,.500,0,1,.000,4,4,1.000,0,0,0,2,0,0,0,1,6,+14
Paul George,12:00,2,7,.286,0,3,.000,3,3,1.000,0,1,1,2,1,0,3,4,7,-14
Kawhi Leonard,9:58,1,5,.200,1,1,1.000,2,2,1.000,1,3,4,1,0,0,5,2,5,-11
Derrick Walton,11:31,1,1,1.000,1,1,1.000,1,2,.500,0,1,1,0,0,0,0,0,4,-12
Harrison Barnes,10:23,1,4,.250,1,3,.333,1,2,.500,0,1,1,0,0,0,0,2,4,-14
Marcus Morris,10:26,2,5,.400,0,1,.000,1,1,1.000,1,1,2,2,0,0,0,1,5,+10
Dario Å ariÄ‡,7:32,2,4,.500,1,2,.500,2,2,1.000,0,6,6,2,0,0,0,2,7,+5
Ricky Rubio,10:05,1,4,.250,0,2,.000,2,2,1.000,0,1,1,3,0,0,0,1,4,-1
Mikal Bridges,4:28,0,1,.000,0,1,.000,2,2,1.000,0,0,0,0,0,0,0,0,2,-7
LaMarcus Aldridge,8:52,4,8,.500,1,2,.500,2,3,.667,1,1,2,0,1,0,0,1,11,-3
DeMar DeRozan,10:09,1,6,.167,0,1,.000,0,1,.000,0,0,0,2,0,0,0,0,2,-4
Rudy Gay,7:24,1,3,.333,0,1,.000,3,3,1.000,0,3,3,1,0,2,0,1,5,+7
Norman Powell,8:54,3,4,.750,1,2,.500,0,1,.000,0,3,3,0,0,0,1,3,7,+3
Garrett Temple,9:29,2,6,.333,0,4,.000,0,1,.000,0,2,2,1,0,0,2,0,4,-8
Theo Pinson,2:31,1,2,.500,0,1,.000,1,1,1.000,0,1,1,0,0,0,0,0,3,+7
Zach LaVine,7:03,3,5,.600,2,3,.667,1,2,.500,0,0,0,0,0,0,2,0,9,+3
Denzel Valentine,11:58,3,5,.600,2,3,.667,2,2,1.000,0,1,1,0,0,0,1,2,10,-2
Paul George,7:09,3,7,.429,1,2,.500,3,4,.750,0,0,0,2,1,0,0,1,10,-3
Rodney McGruder,7:33,0,1,.000,0,1,.000,2,2,1.000,0,2,2,1,1,1,0,1,2,0
Patrick Patterson,4:59,1,2,.500,0,1,.000,1,4,.250,1,0,1,0,0,0,0,0,3,+5
Ja Morant,7:26,2,4,.500,0,1,.000,4,4,1.000,0,1,1,2,1,0,0,0,8,+4
Dillon Brooks,4:53,1,2,.500,0,1,.000,1,1,1.000,0,0,0,0,1,0,1,2,3,+4
Bradley Beal,4:07,1,2,.500,1,2,.500,2,4,.500,1,1,2,0,1,0,2,1,5,-4
Jimmy Butler,8:54,2,6,.333,0,1,.000,4,4,1.000,0,0,0,0,0,0,0,1,8,-5
Sterling Brown,9:42,2,2,1.000,1,1,1.000,1,2,.500,0,0,0,0,0,0,1,0,6,-10
Kevin Porter,12:00,1,3,.333,0,1,.000,2,4,.500,0,0,0,1,1,0,0,0,4,+6
Brandon Knight,7:10,1,3,.333,1,2,.500,1,2,.500,0,0,0,1,0,0,1,0,4,+3
Nikola JokiÄ‡,8:46,3,3,1.000,1,1,1.000,3,4,.750,0,3,3,2,0,0,1,0,10,+1
Dennis SchrÃ¶der,8:23,5,6,.833,3,3,1.000,2,2,1.000,0,2,2,1,0,0,1,2,15,+5
James Harden,7:26,3,7,.429,0,2,.000,2,2,1.000,0,1,1,0,0,0,1,1,8,-2
Ben McLemore,8:49,1,2,.500,1,2,.500,2,3,.667,0,0,0,0,1,0,0,2,5,+2
Austin Rivers,8:30,2,4,.500,1,2,.500,1,2,.500,0,1,1,1,0,1,0,2,6,+4
Bruce Brown,10:14,3,4,.750,0,1,.000,1,2,.500,0,4,4,1,2,1,0,2,7,-5
Josh Hart,9:25,4,6,.667,3,5,.600,2,2,1.000,0,0,0,0,0,0,0,1,13,-5
Aaron Holiday,9:38,2,5,.400,1,3,.333,7,7,1.000,1,3,4,1,0,0,1,3,12,+16
Devonte' Graham,8:13,0,3,.000,0,2,.000,2,4,.500,0,0,0,0,0,0,0,0,2,-16
De'Andre Hunter,12:00,1,2,.500,1,1,1.000,2,2,1.000,0,2,2,0,0,1,2,4,5,-1
Trae Young,8:21,2,7,.286,1,4,.250,2,2,1.000,1,3,4,1,0,0,0,0,7,+3
LeBron James,10:26,2,6,.333,1,4,.250,1,2,.500,0,2,2,1,1,0,1,0,6,+1
Anthony Davis,6:38,1,6,.167,0,2,.000,2,3,.667,0,3,3,0,0,1,1,2,4,0
Danny Green,3:36,1,2,.500,0,1,.000,4,4,1.000,0,2,2,0,0,0,0,0,6,0
Nikola JokiÄ‡,9:12,4,6,.667,1,2,.500,2,2,1.000,1,3,4,1,0,1,1,0,11,+15
Jamal Murray,9:27,1,3,.333,1,2,.500,2,2,1.000,0,1,1,0,0,0,0,1,5,+10
Julius Randle,12:00,3,8,.375,0,2,.000,3,3,1.000,1,3,4,0,1,0,0,1,9,-3
Frank Ntilikina,5:45,0,1,.000,0,1,.000,1,1,1.000,1,1,2,2,1,0,0,0,1,+3
Damion Lee,9:26,1,4,.250,0,1,.000,1,1,1.000,0,1,1,2,1,0,0,0,3,-1
Jordan Poole,7:11,1,3,.333,1,3,.333,2,2,1.000,0,0,0,0,2,0,0,0,5,-6
Bogdan BogdanoviÄ‡,10:03,5,5,1.000,2,2,1.000,1,1,1.000,1,3,4,1,0,0,2,0,13,0
Markieff Morris,9:05,2,3,.667,0,1,.000,5,6,.833,0,0,0,1,0,0,0,2,9,-9
Bruce Brown,7:43,2,2,1.000,1,1,1.000,6,6,1.000,0,1,1,0,0,0,0,0,11,-11
Bradley Beal,7:43,4,5,.800,1,2,.500,2,2,1.000,0,0,0,2,0,0,0,0,11,+11
DÄvis BertÄns,8:18,2,2,1.000,1,1,1.000,2,3,.667,0,1,1,1,0,0,0,0,7,+11
Kyle Lowry,8:52,2,4,.500,0,2,.000,3,5,.600,0,0,0,2,0,0,0,1,7,0
Terence Davis,12:00,1,3,.333,1,2,.500,2,2,1.000,0,2,2,1,0,0,0,0,5,0
Chris Boucher,7:10,1,1,1.000,1,1,1.000,2,2,1.000,0,2,2,1,0,0,0,3,5,0
James Harden,8:58,2,6,.333,1,3,.333,2,2,1.000,0,1,1,2,0,0,0,2,7,+9
LaMarcus Aldridge,12:00,1,3,.333,0,1,.000,2,2,1.000,2,3,5,2,0,1,0,0,4,-8
Derrick White,9:59,2,6,.333,1,2,.500,1,2,.500,1,1,2,0,0,0,0,0,6,+1
Jimmy Butler,8:42,4,6,.667,1,1,1.000,2,3,.667,0,0,0,1,0,0,1,0,11,+4
Tyler Herro,12:00,1,8,.125,1,3,.333,2,2,1.000,1,3,4,1,1,0,0,0,5,+2
Giannis Antetokounmpo,7:54,5,8,.625,0,2,.000,4,6,.667,1,2,3,2,0,0,1,2,14,-2
George Hill,6:57,2,3,.667,0,1,.000,2,2,1.000,0,0,0,2,1,0,0,1,6,+8
Ersan Ä°lyasova,6:06,4,6,.667,1,2,.500,2,3,.667,0,2,2,1,0,0,1,0,11,+6
Dorian Finney-Smith,12:00,2,4,.500,0,1,.000,0,1,.000,1,1,2,0,0,0,0,2,4,-6
Kristaps PorziÅ†Ä£is,8:04,2,5,.400,2,3,.667,3,3,1.000,1,3,4,1,0,1,1,1,9,+7
Chris Paul,12:00,5,7,.714,5,6,.833,4,4,1.000,1,4,5,2,1,0,1,2,19,+11
Zach LaVine,8:22,3,7,.429,0,4,.000,4,4,1.000,0,0,0,0,0,0,2,0,10,-7
Kelly Oubre,12:00,3,10,.300,2,3,.667,1,1,1.000,0,0,0,0,3,0,1,0,9,+1
Cameron Johnson,9:29,2,3,.667,1,2,.500,0,1,.000,0,2,2,1,0,0,0,0,5,+8
CJ McCollum,12:00,0,3,.000,0,1,.000,2,2,1.000,1,4,5,2,0,0,2,0,2,-1
Damian Lillard,8:42,2,6,.333,0,1,.000,1,1,1.000,0,1,1,0,0,0,1,0,5,+3
Malik Monk,12:00,5,5,1.000,2,2,1.000,2,2,1.000,1,4,5,2,0,0,0,1,14,+7
Myles Turner,6:04,0,1,.000,0,1,.000,2,2,1.000,0,1,1,0,1,0,0,1,2,+3
Doug McDermott,5:45,1,2,.500,1,1,1.000,1,2,.500,1,1,2,1,0,0,0,2,4,-3
LeBron James,10:47,2,6,.333,0,4,.000,3,6,.500,0,1,1,2,0,0,0,1,7,-4
Alex Caruso,9:40,2,3,.667,1,2,.500,1,1,1.000,0,2,2,1,0,0,0,0,6,+3
Damyean Dotson,12:00,0,2,.000,0,1,.000,2,2,1.000,0,0,0,0,0,0,1,0,2,-2
Bobby Portis,7:21,2,2,1.000,2,2,1.000,1,2,.500,1,2,3,0,0,0,0,0,7,-2
Trae Young,12:00,5,7,.714,3,4,.750,2,2,1.000,0,2,2,3,0,0,1,1,15,+2
De'Andre Hunter,12:00,6,9,.667,0,1,.000,2,2,1.000,0,1,1,1,1,0,0,2,14,+2
Jabari Parker,3:20,1,2,.500,0,1,.000,2,2,1.000,1,0,1,0,1,0,0,0,4,-1
Brandon Ingram,7:21,2,4,.500,0,1,.000,2,2,1.000,0,0,0,0,0,0,1,0,6,-3
Jrue Holiday,10:18,4,12,.333,0,2,.000,1,1,1.000,1,1,2,1,1,0,0,1,9,+2
Bojan BogdanoviÄ‡,10:28,4,7,.571,2,4,.500,2,2,1.000,0,1,1,2,1,0,0,0,12,+2
Evan Fournier,9:50,3,7,.429,0,4,.000,1,2,.500,0,0,0,2,0,0,1,2,7,-7
D.J. Augustin,10:07,5,5,1.000,1,1,1.000,3,3,1.000,0,1,1,1,1,0,1,0,14,+8
Landry Shamet,12:00,1,4,.250,0,2,.000,2,3,.667,0,1,1,2,0,0,0,2,4,0
Lou Williams,6:21,4,5,.800,3,3,1.000,1,2,.500,0,0,0,2,0,0,3,0,12,+1
Ty Jerome,9:55,2,5,.400,1,4,.250,1,1,1.000,0,1,1,2,1,0,1,0,6,+1
Cedi Osman,9:41,0,1,.000,0,1,.000,1,3,.333,0,0,0,0,0,0,0,0,1,-9
Terry Rozier,12:00,6,12,.500,5,8,.625,2,2,1.000,2,0,2,2,1,0,0,1,19,+10
Cody Martin,9:28,1,2,.500,0,1,.000,1,1,1.000,0,1,1,0,0,0,0,0,3,+12
Langston Galloway,8:52,0,1,.000,0,1,.000,1,2,.500,0,0,0,0,1,0,1,1,1,+1
Sviatoslav Mykhailiuk,6:28,2,3,.667,0,1,.000,2,2,1.000,0,1,1,0,0,0,1,0,6,+4
Kyle Lowry,12:00,0,3,.000,0,1,.000,2,3,.667,1,2,3,2,0,0,1,2,2,-4
Chris Boucher,2:48,0,1,.000,0,1,.000,2,2,1.000,0,1,1,0,0,0,0,0,2,-2
Josh Richardson,12:00,2,6,.333,2,5,.400,2,2,1.000,2,0,2,2,0,1,1,1,8,+4
Joel Embiid,12:00,5,9,.556,1,2,.500,1,1,1.000,1,3,4,2,0,0,1,1,12,+4
Kendrick Nunn,12:00,1,3,.333,1,3,.333,0,2,.000,0,0,0,1,0,0,0,0,3,-4
Bradley Beal,7:38,1,4,.250,0,1,.000,1,2,.500,1,1,2,0,0,0,1,0,3,-14
Zach LaVine,8:33,2,4,.500,1,2,.500,5,5,1.000,0,2,2,1,1,0,1,1,10,+17
Treveon Graham,7:59,2,2,1.000,1,1,1.000,0,2,.000,0,3,3,0,0,0,0,2,5,-1
Robert Covington,10:25,1,3,.333,0,2,.000,1,1,1.000,0,2,2,2,1,1,0,1,3,+14
Noah Vonleh,6:21,2,3,.667,0,1,.000,1,1,1.000,0,1,1,0,0,0,0,0,5,+6
Brandon Ingram,7:41,2,4,.500,0,2,.000,1,1,1.000,0,1,1,0,0,0,2,1,5,-3
